similarity,left_category,left_concept,left_attribute_role,left_value_family,right_concept,right_attribute_role,right_value_family,manual_same_attribute,manual_notes
0.9927945137023926,Музыкальные инструменты,cymbal_type,тип | тип тарелки,text,cymbal_type,вид тарелки | тип,text,,
0.9118363857269287,Галантерея и аксессуары,packaging,упаковка,text,packaging,доп. опции зонта | упаковка,text,,
0.9555075168609619,Строительство и ремонт,thickness,длина. мм,length,thickness,толщина мм | толщина. мм,length,,
0.8854732513427734,Автотовары,compatible_car_brand,марка тс,text,compatible_car_brand,марка автомобиля | страна-изготовитель,text,,
0.9256393909454346,Электроника,processor_model,бренд процессора | процессор,numeric,processor_model,модель процессора | процессор,numeric,,
0.9715980887413025,Строительство и ремонт,max_voltage,макс. напряжение. в | напряжение работы. в вольтах,numeric,max_voltage,макс. напряжение. в | максимальное рабочее напряжение,numeric,,
0.939658522605896,Строительство и ремонт,heating_area_m2,отапливаемая площадь | рекомендуемая площадь. м,numeric,heating_area,площадь обогрева конвектора | рекомендуемая площадь. м,numeric,,
0.9820413589477539,Ювелирные изделия,material_finish,состав ювелирного изделия,text,material_finish,покрытие | состав ювелирного изделия,text,,
0.9121339917182922,Товары для животных,type,тип | тип товара,text,type,состав наполнителя | тип,text,,
0.9621233940124512,Детские товары,model,артикул производителя,identifier,model,артикул | артикул производителя,identifier,,
0.9178467988967896,Электроника,ssd_capacity,общий объем накопителей ssd,data,ssd_capacity,общий объем накопителей ssd | суммарный объем всех дисков. гб,data,,
0.9339125752449036,Продукты питания,package_count,единиц в одном товаре | комплектация,count,package_count,единиц в одном товаре | количество предметов в упаковке,count,,
0.9587116837501526,Продукты питания,spice_type,вид специи / пряности,text,spice_variety,вид специи / пряности | форма выпуска специи и пряности,text,,
0.8334580659866333,Товары для животных,size,размер,volume,size,размер одежды,volume,,
0.9448678493499756,Детские товары,package_dimensions,особенности | упаковка,length,package_dimensions,длина упаковки | тип,length,,
0.8928759098052979,Строительство и ремонт,bowl_length,глубина. см | длина чаши,length,bowl_height,высота чаши см | высота чаши. см,length,,
0.9110338091850281,Бытовая химия,form,состав | тип средства,text,form,особенности,text,,
0.9203175902366638,Аптека,product_color,название цвета | цвет товара,text,color_description,цвет товара,text,,
0.8568198680877686,Галантерея и аксессуары,movement_type,особенности часов | тип часов,text,movement_type,источник энергии | функции часов,text,,
0.876976490020752,Мебель,filling_material,материал наполнителя | особенности,text,filler_material,дополнительная информация | материал наполнителя,text,,
0.9672043323516846,Канцелярские товары,thickness,комплектация | толщина обложки. мм,length,thickness,толщина обложки. мм,length,,
0.9586203098297119,Дом и сад,scent_type,аромат,text,scent_description,аромат,text,,
0.976775050163269,Мебель,leg_count,количество ножек | количество тумб,count,leg_count,количество ножек | особенности,count,,
0.9703332185745239,Ювелирные изделия,diamond_description,бриллиант | форма вставки,numeric,diamond_details,бриллиант | форма вставки,numeric,,
0.9944995045661926,Электроника,cable_length,длина кабеля | длина. м,length,cable_length,длина кабеля. м | длина. см,length,,
0.8717544078826904,Дом и сад,country,страна | страна-изготовитель,count,origin_country,страна производства | страна-изготовитель,count,,
0.9815496802330017,Хобби и творчество,diameter,диаметр спиц. мм | диаметр. мм,length,diameter,диаметр спиц. мм | диаметр спицы,length,,
0.8261154890060425,Спорт и отдых,package_contents,комплектация | конструктивные особенности,count,package_contents,карманы | комплектация,count,,
0.8714789152145386,Дом и сад,power,мощность. вт | номинальная мощность,power,max_power,максимальная мощность | мощность. вт,power,,
0.8801530003547668,Дом и сад,fabric_density,из названия товара,numeric,fabric_density,плотность ткани. г/кв.м | плотность ткани. г/м2,numeric,,
0.9739053845405579,Детские товары,child_gender,для кого | пол ребенка,text,child_gender,пол | пол ребенка,text,,
0.8080981969833374,Канцелярские товары,usage,назначение маркера,text,marker_purpose,назначение маркера,text,,
0.9882605075836182,Детские товары,height,высота игрушки. см | ширина предмета,length,height,высота игрушки. см | размеры дхшхв,length,,
0.8007931113243103,Продукты питания,origin_region,из названия товара,text,origin,состав,text,,
0.9549676775932312,Дом и сад,country_of_origin,страна | страна-изготовитель,count,country_of_origin,страна производства,count,,
0.9683014750480652,Бытовая химия,volume_unit,объем л | объем. мл,volume,volume_unit,объем товара | объем. мл,volume,,
0.9130682945251465,Канцелярские товары,format,формат листов | формат/размеры,length,format,формат листов,length,,
0.8688188791275024,Канцелярские товары,dimensions,размер картины | размеры. мм,numeric,size,размер скоб,numeric,,
0.9473262429237366,Электроника,max_read_speed,максимальная скорость чтения | скорость чтения. мб/с,numeric,read_speed,скорость чтения | скорость чтения. мб/с,numeric,,
0.9762976765632629,Строительство и ремонт,mounting_type,способ крепления,text,mounting_type,вид крепления | крепление,text,,
0.9438196420669556,Дом и сад,width,размер пакета. см | ширина. в сантиметрах,length,width,диаметр дна. см | ширина упаковки,length,,
0.8528264164924622,Галантерея и аксессуары,volume,объем главного отделения. л | объем. л,volume,volume,объем л,volume,,
0.9106292724609375,Продукты питания,ingredients,вид смеси | вкус и добавки,text,ingredients,содержит | состав,text,,
0.9695435166358948,Красота и гигиена,package_quantity,единиц в одном товаре | штук в упаковке,count,package_quantity,единиц в одном товаре | количество в упаковке. шт.,count,,
0.8851808309555054,Продукты питания,heat_level,состав | степень остроты,text,heat_level,острота соуса | степень остроты,text,,
0.9757455587387085,Мебель,color_name,цвет покрытия | цвет товара,text,color_name,цвет товара | цветовая палитра,text,,
0.9627261757850647,Хобби и творчество,weight,вес товара. г | размеры дхш,mass,weight,вес товара. г | масса,mass,,
0.9226080775260925,Электроника,hdd_size,конфигурация | объем hdd. в гб,data,hdd_size,объем hdd. в гб | тип накопителя,data,,
0.9848390221595764,Продукты питания,storage_temperature_max,максимальная температура | минимальная температура хранения,data,storage_temperature,максимальная температура хранения | минимальная температура,data,,
0.9849501252174377,Спорт и отдых,weight,вес | вес. г,mass,weight,вес. в граммах | вес. г,mass,,
0.8495385646820068,Бытовая химия,target_audience,для кого,text,target_audience,эффект средства,text,,
0.9277713298797607,Аптека,package_unit_type,количество пар в упаковке,count,package_unit,количество пар в упаковке,count,,
0.8769640922546387,Галантерея и аксессуары,model,вид обложки | модель,text,model,модель | тип,text,,
0.8326258659362793,Продукты питания,form,тип | форма выпуска специй/приправ,text,form_factor,форма выпуска специй/приправ,text,,
0.8902865648269653,Детские товары,package_quantity,количество в одной упаковке. шт | количество в упаковке,count,package_quantity,количество предметов в наборе | комплектация,count,,
0.8497733473777771,Бытовая химия,target_surface,назначение моющего. чистящего средства | область применения автохимии,text,target_surface,назначение моющего. чистящего средства | область применения,text,,
0.9324788451194763,Продукты питания,nutrition_type,особенности напитков. продуктов питания | тип питания,text,dietary_features,особенности | особенности напитков. продуктов питания,text,,
0.9363853335380554,Мебель,storage_box,ящики для белья,data,storage_boxes,бельевой ящик | ящики для белья,data,,
0.8974907994270325,Красота и гигиена,volume,вес товара. г,volume,volume_weight,вес товара. г | объем товара,volume,,
0.914172351360321,Канцелярские товары,package_quantity,дополнительная информация | количество заводских упаковок,count,package_quantity,количество блоков | количество заводских упаковок,count,,
0.9219331741333008,Аптека,width,размеры. мм | ширина,length,total_width,общая ширина оправы. в миллиметрах | размеры. мм,length,,
0.8893990516662598,Электроника,connector_type,выходной коннектор | разъемы,length,connector_type,из названия товара,length,,
0.9301724433898926,Электроника,package_quantity,количество в упаковке. шт | количество стекол в комплекте,count,package_quantity,количество предметов в упаковке | комплектация,count,,
0.9749775528907776,Спорт и отдых,weight,вес кг | вес. г,mass,weight,вес самоката. кг | вес. кг,mass,,
0.8896327018737793,Дом и сад,material,материал | состав набора для творчества,text,material,вид искусства | материал,text,,
0.922938883304596,Строительство и ремонт,quantity,количество,count,quantity,количество предметов,count,,
0.8672107458114624,Канцелярские товары,cover_type,обложка,text,cover_type,крепление в бумажной продукции | обложка,text,,
0.9377188682556152,Электроника,processor_model,модель | модель процессора,numeric,processor_model,конфигурация | процессор,numeric,,
0.9441534876823425,Ювелирные изделия,main_stone_weight,вес основных вставок. карат | количество карат,mass,stone_weight_details,вес основных вставок. карат | вставка подробнее,mass,,
0.9799156188964844,Хобби и творчество,material,материал | материал звеньев,text,material,материал | переплет,text,,
0.9742304086685181,Бытовая химия,effect,особенности применения | эффект,text,effect,особенности применения | эффект средства,text,,
0.9648499488830566,Мебель,dimensions,ширина общая,length,dimensions,ширина | ширина. см,length,,
0.9122512340545654,Автотовары,color_details,из названия товара,text,color_pattern,из названия товара,text,,
0.8968578577041626,Красота и гигиена,package_contents,штук в упаковке,count,package_contents,единиц в одном товаре | штук в упаковке,count,,
0.9713582396507263,Обувь,heel_height_cm,вид каблука | высота каблука. см,length,heel_height_cm,высота каблука. см | размер,length,,
0.941478967666626,Строительство и ремонт,lamp_count,количество ламп | количество ламп. шт,count,lamp_count,количество ламп. шт,count,,
0.9230196475982666,Дом и сад,toy_type,вид новогодней игрушки | вид фигурки,text,shape,вид новогодней игрушки | вид фигурки,text,,
0.9427924156188965,Обувь,material_sole,материал подошвы обуви | состав,percentage,sole_material_composition,материал низа | материал подошвы обуви,percentage,,
0.9229639172554016,Канцелярские товары,ink_type,свойства и особенности,text,ink_type,особенности фломастеров. маркеров,text,,
0.8740643858909607,Спорт и отдых,hole_diameter,из названия товара,length,hole_diameter_mm,диаметр отверстия для грифа. мм,length,,
0.9291232824325562,Продукты питания,nut_type,вид орехов | тип,text,nut_type,из названия товара,text,,
0.9731348156929016,Спорт и отдых,diameter,толщина | толщина. мм,length,diameter,толщина лески | толщина. мм,length,,
0.8874503970146179,Бытовая химия,intended_use,назначение средства для стирки | назначение стирального средства,text,purpose,назначение моющего. чистящего средства | назначение стирального средства,text,,
0.9780502915382385,Электроника,lens_kit,комплект | тип объектива,count,lens_kit,объектив в комплекте | тип объектива,count,,
0.9962646961212158,Детские товары,max_age,максимальный возраст ребенка,age,age_max,максимальный возраст ребенка,age,,
0.9561039209365845,Дом и сад,material,материал арматуры | материал рамки,text,material,материал рамки,text,,
0.9789067506790161,Спорт и отдых,dimensions,длина | размеры. мм,length,dimensions,длина. мм | длина. см,length,,
0.8537999391555786,Продукты питания,dietary_features,особенности | особенности напитков. продуктов питания,text,product_features,особенности напитков. продуктов питания | особые указания,text,,
0.9181827306747437,Товары для животных,product_class,класс ингредиентов | класс корма,text,product_class,класс корма | холистик,text,,
0.9428220391273499,Строительство и ремонт,package_contents,комплектация | полотенцедержатель,count,package_contents,комплектация | комплектация коронки,count,,
0.9351874589920044,Канцелярские товары,height,высота. в сантиметрах,length,height,длина,length,,
0.9296050071716309,Канцелярские товары,sheet_count,вместимость,count,sheet_count,количество листков,count,,
0.8353226780891418,Аптека,weight,вес товара без упаковки г | вес товара. г,mass,weight,вес товара. г | торговое наименование,mass,,
0.9373589158058167,Строительство и ремонт,product_type,вид | тип,text,product_type,тип | форма выпуска изделия,text,,
0.8285336494445801,Хобби и творчество,subject,предмет,text,subject,предмет росписи | тип,text,,
0.8966470956802368,Дом и сад,purpose,назначение питьевого стекла | тип,text,glass_purpose,назначение,text,,
0.9659170508384705,Строительство и ремонт,battery_capacity,емкость. а ч | комплектация,volume,capacity,емкость батареи,volume,,
0.9715468883514404,Мебель,height,высота полотна | высота. см,length,height,высота максимальная | высота. см,length,,
0.9542489647865295,Красота и гигиена,series,состав,text,series,из названия товара,text,,
0.8194774389266968,Строительство и ремонт,model,серия,text,model,тип,text,,
0.9681777954101562,Дом и сад,material,материал посуды,text,material,материал корпуса | материал посуды,text,,
0.9765752553939819,Спорт и отдых,length,длина. в миллиметрах,length,length,длина. в миллиметрах | общая длина. мм,length,,
0.9076133370399475,Спорт и отдых,drag_system,фрикцион | фрикционный тормоз,text,drag_system,вид катушки | фрикцион,text,,
0.9662401080131531,Продукты питания,package_quantity_unit,единиц в одном товаре | количество,count,package_quantity,единиц в одном товаре | набор,count,,
0.9710996150970459,Мебель,material_frame,материал | материал корпуса,text,frame_material,материал каркаса | материал рамы,text,,
0.930034875869751,Электроника,compatible_device,совместимые устройства,numeric,compatible_devices,из названия товара,numeric,,
0.9874518513679504,Хобби и творчество,stone_shape,техника рисования картины | форма страз,text,stone_shape,техника рисования картины,text,,
0.880817174911499,Канцелярские товары,brand,бренд | марка,text,brand,автор | бренд,text,,
0.8293614387512207,Дом и сад,technique,техника исполнения | тип картины,text,technique,техника исполнения | тип товара,text,,
0.9270501136779785,Автотовары,quantity,количество сидений | количество. штук,count,quantity,количество сидений | комплектация,count,,
0.9435793161392212,Музыкальные инструменты,back_and_sides_material,материал нижней деки | материал нижней деки и обечайки,text,back_side_material,материал корпуса/верхней деки | материал нижней деки и обечайки,text,,
0.944459855556488,Дом и сад,quantity,количество в упаковке. шт. | количество полотен,count,quantity,количество полотен | комплектация,count,,
0.957913875579834,Мебель,armrest_adjustment,регулировка подлокотников,text,armrest_adjustment,регулируемые подлокотники | с подлокотниками,text,,
0.8819402456283569,Электроника,gpu_model,видеокарта | встроенная видеокарта,numeric,gpu,видеокарта,numeric,,
0.9348279237747192,Продукты питания,fruit_variety,вид сухофруктов | состав,text,fruit_type,вид фруктов/ягод | основа,text,,
0.8162530064582825,Спорт и отдых,season,сезон | сезон использования,text,season,сезон снасти | тип блесны,text,,
0.9690300822257996,Спорт и отдых,battery_included,комплектация элементом питания | тип питания,count,battery_included,дополнительная информация | комплектация элементом питания,count,,
0.9158710837364197,Продукты питания,taste,вкус | состав,text,filling_taste,вкус | вкус начинки,text,,
0.8305689692497253,Канцелярские товары,origin_country,страна-изготовитель,count,country,страна производства | страна-изготовитель,count,,
0.9320142865180969,Ювелирные изделия,weight,средний вес | средний вес изделия. гр,mass,product_weight,средний вес изделия | средний вес изделия. гр,mass,,
0.9041862487792969,Продукты питания,product_type,способ обработки | тип,text,product_type,дополнительная информация | тип,text,,
0.9677585959434509,Продукты питания,tea_type,вид чая | состав,text,tea_type,сорт,text,,
0.8013773560523987,Музыкальные инструменты,package_dimensions,длина,length,package_width,материал струн | ширина упаковки,length,,
0.9788816571235657,Галантерея и аксессуары,bracelet_material,браслет/ремешок,text,bracelet_material,браслет/ремешок | декоративные элементы,text,,
0.8949133157730103,Спорт и отдых,frame_material,материал оправы | материал стекла,text,frame_material,конструкция санок | материал каркаса,text,,
0.8919667601585388,Канцелярские товары,format,размер | формат,length,format,размер,length,,
0.9920300841331482,Продукты питания,max_storage_temp,максимальная температура | температура хранения,data,max_storage_temperature,максимальная температура | температура хранения,data,,
0.8943373560905457,Электроника,switch_type,тип механических переключателей,text,switch_type,тип клавиатуры | тип механических переключателей,text,,
0.8601779341697693,Дом и сад,shape,вид фигурки | форма шкатулки,text,shape,форма подарочной коробки,text,,
0.8831810355186462,Красота и гигиена,effect,способ применения,text,effect,особенность оттенка | эффект,text,,
0.9659542441368103,Хобби и творчество,needle_diameter,диаметр спиц. мм | диаметр спицы,length,needle_diameter,диаметр спиц. мм,length,,
0.8418100476264954,Электроника,power_consumption,потребляемая мощность. вт | электропитание в режиме ожидания,power,power_consumption,мощность каждой лампы | потребляемая мощность. вт,power,,
0.8887063264846802,Электроника,power_consumption,макс. выходная мощность. вт | потребляемая мощность,power,power_consumption,мощность каждой лампы | потребляемая мощность. вт,power,,
0.8399608135223389,Ювелирные изделия,view,вид | дизайн,text,view_type,вид | модель сережек,text,,
0.9757502675056458,Мебель,orientation,ориентация | подлокотники,text,orientation,ориентация | угловое расположение,text,,
0.8475850224494934,Бытовая химия,purpose,действие | назначение моющего. чистящего средства,text,purpose,назначение средства | назначение средства для стирки,text,,
0.929172158241272,Дом и сад,design_elements,декоративные элементы,text,style,декоративные элементы | оформление,text,,
0.8781718611717224,Мебель,shelves_count,внутренние секции | количество полок,count,shelf_count,количество открытых полок | число отделений. шт,count,,
0.9433716535568237,Электроника,ram_capacity,объем оперативной памяти,data,ram_size,объем оперативной памяти,data,,
0.9110607504844666,Электроника,stabilization_type,стабилизатор | стабилизатор изображения фотосъемка,text,stabilization,стабилизатор изображения | стабилизация,text,,
0.8747422695159912,Бытовая химия,country,страна | страна-изготовитель,count,country_of_origin,страна-изготовитель | страна-производитель товара,count,,
0.8566092252731323,Хобби и творчество,country,страна-изготовитель | язык,count,country_of_origin,страна-изготовитель | страна-производитель,count,,
0.9736915826797485,Хобби и творчество,size,длина упаковки,length,size,длина упаковки. см | размеры. мм,length,,
0.868481457233429,Детские товары,frame_material,материал каркаса,text,frame_material,материал рамы | материал рамы седла,text,,
0.8500170111656189,Детские товары,gender,для детей | пол,text,gender,пол,text,,
0.9992523193359375,Канцелярские товары,paper_density,плотность | плотность бумаги. г/м2,numeric,paper_density,плотность бумаги | плотность. г/м2,numeric,,
0.9532036185264587,Мебель,orientation_description,ориентация | расположение угла/петель,text,orientation_format,ориентация | расположение угла/петель,text,,
0.8294302225112915,Спорт и отдых,strap_length,длина ремешка. мм | размер ремешка,length,handle_length,длина рукояти. см | материал рукоятки,length,,
0.9259276390075684,Электроника,package_quantity,количество в упаковке. шт | ресурс,count,package_quantity,количество в упаковке. шт | модель,count,,
0.8413178324699402,Детские товары,size_weight_range,размер,mass,dimensions,вес | размеры. мм,mass,,
0.9255536198616028,Красота и гигиена,material,материал корпуса/ручки | основной материал,text,material_composition,материал изделия | основной материал,text,,
0.9696594476699829,Строительство и ремонт,thickness,общая толщина двери. мм | толщина мм,length,door_thickness,общая толщина двери. мм | толщина полотна,length,,
0.883725643157959,Галантерея и аксессуары,strap_options,назначение ремня сумки | особенности конструкции сумки,text,strap_assignment,назначение ремня сумки,text,,
0.8718957901000977,Галантерея и аксессуары,case_material,материал браслета | материал корпуса,text,case_material_detail,дополнительная информация | материал корпуса,text,,
0.8460361361503601,Красота и гигиена,material_finish,состав | тип волокна ресниц,text,material_type,материал | тип волокна ресниц,text,,
0.8260622024536133,Детские товары,theme,особенности конструктора,text,theme,вид службы,text,,
0.9235842227935791,Автотовары,quantity,тип,count,quantity,комплектация | тип,count,,
0.8309777975082397,Музыкальные инструменты,layer_count,количество слоев,count,ply_count,количество слоев | комплектация,count,,
0.933940589427948,Продукты питания,package_weight,вес | вес с упаковкой. г,mass,package_weight,из названия товара,mass,,
0.8750559091567993,Дом и сад,seedling_planting_time,время посадки на рассаду | месяц посадки на рассаду,duration,planting_time,время посадки в грунт | месяц посадки в грунт,duration,,
0.9632853269577026,Строительство и ремонт,light_color,свет | цветность,numeric,light_color,свет,numeric,,
0.8219247460365295,Автотовары,installation_side,комплектация | место установки,count,installation_side,комплектация | мост установки,count,,
0.9775573015213013,Хобби и творчество,size,размер. мм,length,size,размер | размеры. мм,length,,
0.9488320350646973,Канцелярские товары,compartment_count,дополнительная информация | количество отделений,count,compartments_count,количество отделений,count,,
0.8344081044197083,Детские товары,toy_shape,вид мягкой игрушки,text,toy_type,вид мягкой игрушки | линейка,text,,
0.9743088483810425,Мебель,upholstery_material,материал обивки | тип ткани,text,upholstery_material,материал изделия | материал обивки,text,,
0.8914439678192139,Галантерея и аксессуары,strap_usage,назначение ремня сумки | тип,text,handle_type,назначение ремня сумки | ручки,text,,
0.8995632529258728,Ювелирные изделия,stone_count,вставка подробнее,count,stone_count,количество камней | чистота вставки,count,,
0.926175057888031,Электроника,ssd_capacity,общий объем накопителей ssd | тип накопителя,data,storage_ssd_size,общий объем накопителей ssd | тип накопителя,data,,
0.9849204421043396,Галантерея и аксессуары,strap_type,особенности сумки,text,strap_type,особенности конструкции сумки,text,,
0.856674313545227,Автотовары,filter_type,вид воздушного фильтра,text,filter_type,исполнение фильтра,text,,
0.862180769443512,Музыкальные инструменты,neck_attachment,крепление грифа | материал грифа,text,neck_joint,крепление грифа,text,,
0.9800596237182617,Галантерея и аксессуары,color,цвет | цвет товара,numeric,color,цвет товара,numeric,,
0.8773109912872314,Товары для животных,net_weight,вес товара. г,volume,weight,вес товара. г | объем,volume,,
0.8897299766540527,Мебель,sink_design,комплектация | особенности раковины,count,sink_included,комплектация,count,,
0.9807105660438538,Продукты питания,arabica_content,содержание арабики. % | состав,percentage,arabica_content,вид зерен | содержание арабики. %,percentage,,
0.9531219601631165,Спорт и отдых,diameter,толщина,length,diameter,размер. мм | толщина лески,length,,
0.9633036851882935,Бытовая химия,package_dimensions,размер упаковки длина х ширина х высота . см | ширина предмета,length,package_dimensions_format,длина упаковки | размер упаковки длина х ширина х высота . см,length,,
0.9446055889129639,Электроника,max_height,максимальная высота стойки,length,max_height,высота предмета | максимальная высота/длина. см,length,,
0.9540889859199524,Канцелярские товары,package_quantity,количество в наборе | количество маркеров. шт,count,package_quantity,количество в упаковке. в штуках | количество маркеров. шт,count,,
0.9499464631080627,Дом и сад,material_composition,материал | ткань,text,material_composition,материал | материал перчаток,text,,
0.884239137172699,Красота и гигиена,package_count,единиц в одном товаре | количество в упаковке,count,package_count,упаковка,count,,
0.8751430511474609,Продукты питания,aroma,из названия товара,text,aroma_type,особенности продукта,text,,
0.9081240296363831,Товары для животных,breed,вид животного | порода собаки,text,dog_breed,из названия товара,text,,
0.8893532752990723,Детские товары,flow_rate,поток у соски | скорость потока,text,flow_rate,из названия товара,text,,
0.9499644637107849,Ювелирные изделия,coating,материал изделия | состав ювелирного изделия,text,coating,основной материал украшения | отделка,text,,
0.9423364400863647,Строительство и ремонт,application_scope,назначение | работы,text,application_scope,область применения пропитки | работы,text,,
0.9126344919204712,Автотовары,car_year,год выпуска автомобиля,numeric,car_years,марка автомобиля,numeric,,
0.9314557313919067,Спорт и отдых,package_quantity,дополнительная информация | количество в упаковке. шт,count,package_quantity,кол-во в комплекте. шт | количество в наборе,count,,
0.9641039967536926,Строительство и ремонт,lighting_area,максимальная площадь освещения в м | площадь освещения. кв.м,numeric,area,максимальная площадь освещения в м | площадь освещения. кв.м,numeric,,
0.983036994934082,Хобби и творчество,width,ширина. в сантиметрах,length,width,ширина. см,length,,
0.957424521446228,Спорт и отдых,color,цвет линзы,text,color,цвет линз | цвет линзы,text,,
0.9156115055084229,Обувь,manufacturer_country,страна производства | страна-изготовитель,count,country_origin,страна производства | страна-изготовитель,count,,
0.9269982576370239,Спорт и отдых,total_piece_count,количество в наборе | количество. шт,count,total_piece_count,из названия товара,count,,
0.9881442189216614,Мебель,seat_height_max,макс. высота сиденья. см | максимальная высота сидения,length,seat_max_height,высота. см | максимальная высота сидения,length,,
0.9111489653587341,Мебель,backrest_adjustment,регулируемая спинка | функции,text,backrest_adjustable,особенности | регулируемая спинка,text,,
0.8900612592697144,Детские товары,suspension_type,амортизация | система амортизации,text,suspension,амортизация | конструкция вилки,text,,
0.8929986953735352,Электроника,package_quantity,единиц в одном товаре | количество в упаковке,count,package_quantity,количество модулей в комплекте | количество предметов в упаковке,count,,
0.8822088241577148,Мебель,armrest_material,вид подлокотников | исполнение,text,armrests,исполнение | подлокотники,text,,
0.9226648211479187,Ювелирные изделия,material_composition,состав ювелирного изделия | цвет,text,composition,состав ювелирного изделия,text,,
