id1,id2,target,category,title1,title2,attributes1,attributes2,s2_score,catboost_score,catboost_rank_utility_delta,tokens_ab,tokens_ba,token_budget_hit,score_order_gap,title_token_jaccard,numeric_context_conflict_count,unit_conflict_count,code_conflict,model_conflict,memory_conflict,sku_human_asymmetry,attribute_value_overlap_ratio
142672,584115671889,0.0,Детские товары,"sluban / конструктор космические войны осада крепости, 501 деталь","конструктор космические войны осада крепости, 501 деталь",количество элементов: 501; материал изделия: пластик; страна производства: китай; возрастные ограничения: от 6 лет; вес с упаковкой (кг): 0.795 kg; длина упаковки: 48 cm; высота упаковки: 29 cm; ширина упаковки: 7 cm; валюта: rub,"артикул: 421903; бренд: denco store; название цвета: конструктор космические войны осада крепости, 501 деталь; страна-изготовитель: китай; максимальный возраст ребенка: до 18 лет; минимальный возраст ребенка: от 6 лет; тип: конструктор пластиковый",0.99083227,0.95483416,0.010204081632653073,97,97,False,0.00264287,0.875,0,0,0.0,0.0,0.0,0.0,0.14285714285714285
292057836907,257698130946,0.0,Дом и сад,"пакет ламинированный вертикальный, 31 х 40 х 11 см""с новым годом!"", холодное сердце","disney пакет ламинированный вертикальный, 31 х 40 х 11 см ""с новым годом!"", холодное сердце","целевая аудитория: взрослая; артикул: 4997223; бренд: disney; цвет товара: фиолетовый; название цвета: фиолетовый; страна-изготовитель: китай; размер, см: 31; для кого: девочка; праздник: новый год; вид выпуска товара: фабричное производство; материал: картон; комплектация: товар в упаковке; количество в упаковке, шт.: 1; тип: пакет подарочный",цвет товара: фиолетовый; тип: пакет подарочный; материал: картон; особенности: без особенностей; праздник: новый год,0.990727,0.9423213,0.014084507042253502,124,124,False,0.004738331,0.9285714285714286,0,0,0.0,0.0,0.0,0.0,0.2857142857142857
412316929911,850403641166,0.0,Автотовары,датчик quattro freni qf02b00006,датчик quattro freni qf02b00006,бренд: quattro freni; артикул производителя: qf02b00006; примечание: внешний вид изделия может отличаться от фотографий; цена за: 1 шт.; код товара: 600004688644,артикул: quattrofreni_qf02b00006; бренд: qf quattro freni; oem-номер: mn171296; партномер (артикул производителя): qf02b00006; тип: датчик для автомобиля,0.9906457,0.9840102,0.006329113924050667,83,83,False,0.0019477606,1.0,0,0,0.0,0.0,0.0,0.0,0.1111111111111111
549755904744,137439074162,0.0,Музыкальные инструменты,"mz-chg-12-3skull2/b чехол для классической гитары, mezzo",чехол для классической гитары mezzo mz-chg-12-3skull2/b,бренд: mezzo; страна-изготовитель: китай; тип: чехол для музыкального инструмента,в комплекте: 1 шт.; цвет товара: мультиколор; тип: чехол; назначение: для классической гитары; материал: оксфорд,0.9887951,0.9498647,0.00696055684454755,75,75,False,0.0015125275,1.0,0,0,0.0,0.0,0.0,0.0,0.0
214748474036,188978633215,0.0,Спорт и отдых,игольчатый подшипник tohatsu 369-00043-0,kacawa игольчатый подшипник tohatsu 369-00043-0,бренд: kacawa; тип: прочие аксессуары и комплектующие для судов,тип: подшипник; для мотора мощностью: 4.5 l.с.,0.98859787,0.95310974,0.0033333333333332993,65,65,False,0.0025433302,0.8571428571428571,0,0,0.0,0.0,0.0,0.0,0.0
231928403629,300647773647,0.0,Детские товары,"развивающий набор цилиндров ""больше-меньше"", цветные msn17065","не определен развивающий набор цилиндров «больше-меньше», цветные msn17065","возрастной диапазон: от 3 до 5 лет; бренд: noname; вид детской игры: обучающие; цвет товара: разноцветный; страна-изготовитель: китай; материал: дерево; максимальный возраст ребенка: до 18 лет; методики обучения: марии монтессори; минимальный возраст ребенка: от 3 лет; комплектация: развивающий набор цилиндров ""больше-меньше"", цветные msn17065 - 1 штука.; пол ребенка: унисекс; тип: обучающая игра",тип: набор развивающих игрушек; минимальный возраст: мес.; материал: дерево,0.9885978,0.9545794,0.010204081632653073,126,126,False,0.0032366514,0.7777777777777778,0,0,0.0,0.0,0.0,0.0,0.07142857142857142
652835126738,94489427301,0.0,Дом и сад,"картридж сменный zein ps-10sl, полипропиленовая нить, 25 мкм","картридж сменный zein ps-10sl, полипропиленовая нить, 25 мкм",размер фильтруемых частицы: 25 мкм; комплект: да; тип: картридж; производительность: 4 l/мин; ресурс фильтрующего элемента: 25000 l; максимальная рабочая температура: 35 °c; полипропиленовый: да; механическая фильтрация: есть; длина: 254 mm,"артикул: 1577202; бренд: zein; ресурс кассеты фильтра, л: 25000; страна-изготовитель: россия; эффект: тонкая очистка; типоразмер фильтра: sl 10 (slim line); габариты (дхшхв, см): 6х6х25; комплектация: картридж 1 шт; наличие помпы: нет; единиц в одном товаре: 1; тип: система очистки воды; гарантийный срок: 3 месяца; вес товара, г: 120",0.98627317,0.95868987,0.0,124,124,False,0.006636977,1.0,0,0,0.0,0.0,0.0,0.0,0.0
472446408347,652835119336,0.0,Детские товары,"iq-zabiaka / конструктор «забавные шестерёнки», работает от батареек, 53","конструктор ""забавные шестерёнки"", работает от батареек, 53 детали     ",количество элементов: 53; материал изделия: пластик; тип элемента питания: от батареек; количество батареек для работы: 1 шт.; страна производства: китай; вес с упаковкой (кг): 0.285 kg; длина упаковки: 26 cm; высота упаковки: 18 cm; ширина упаковки: 6 cm; валюта: rub,"бренд: нет бренда; цвет товара: разноцветный; название цвета: разноцветный; материал: abs пластик; максимальный возраст ребенка: до 13 лет; минимальный возраст ребенка: от 1,5 лет; назначение подвижных игр: для дома; пол ребенка: унисекс; вид игрового набора: крокет; тип: набор для подвижных игр",0.9859893,0.91191906,0.13605442176870752,119,119,False,0.0039138794,0.7,0,0,0.0,0.0,0.0,0.0,0.0
360777360562,850403683504,0.0,Хобби и творчество,"время игры падающая башня ""время игры"", 20.5 х 6.3 см, 54 бруска, брусок 6.3 х 1.1 х 2.1 см","время игры, падающая башня ""время игры"", 20.5 х 6.3 см, 54 бруска, брусок 6.3 х 1.1 х 2.1 см","тип: настольная игра; возраст от: 6 лет; количество игроков: 2-10; время партии: 20.50 минут; тип игры: логическая, семейная, на реакцию и внимание; материал: дерево",целевая аудитория: детская; бренд: время игры; цвет товара: разноцветный; страна-изготовитель: китай; вид выпуска товара: фабричное производство; минимальный возраст ребенка: от 6 лет; тип: настольная игра,0.98575634,0.95570534,0.01016949152542368,123,123,False,0.0041929483,1.0,0,0,0.0,0.0,0.0,0.0,0.08333333333333333
455266557449,335007518283,0.0,Красота и гигиена,зубная паста lacalut aktiv защита десен и бережное отбеливание 75мл,"зубная паста lacalut aktiv защита дёсен и бережное отбеливание, 75 мл","вес: 0.075 ""кг""; бренд: lacalut; страна производства: германия; состав: aqua, hydrogenated starch hydrolysate, aluminum hydroxide, hydrated silica, silica, poloxamer 188, cocamidopropyl betaine, aroma, xanthan gum, aluminum lactate, disodium edta, titanium dioxide, sodium hydroxide, sodium aluminum fluoride, allantoin, calcium glycero phosphate, magnesium citrate, sodium saccharin, lactose, bromelain, chlorhexidine digluconate, bisabolol, malto dextrin, papain. содержание ионов фтора 1400 ppm. …",бренд: lacalut; состав: 100% натуральные вещества; страна-изготовитель: германия; тип: зубная паста,0.982424,0.96739924,0.0,224,224,False,0.012046635,1.0,0,0,0.0,0.0,0.0,0.0,0.3333333333333333
111669214643,721554558215,0.0,Продукты питания,шоколад бабаевский темный апельсиновый брауни с целым фундуком 165г 1 шт,"бабаевский / темный шоколад ""апельсиновый брауни с целым фундуком"", 165г","бренд: бабаевский; условия хранения: хранить в сухом, хорошо проветриваемом помещении при относительной влажности воздуха не более 75%; состав: темный шоколад (какао тертое, сахар, масло какао, обезвоженный молочный жир (сливки пастеризован-ные), эмульгаторы: лецитин соевый, e476; спирт этиловый ректификованный, ароматизатор «ваниль»), начинка (сахар, жир растительный (растительные масла, эмульгатор лецитин соевый), ядро ореха фунду-ка целое, какао-порошок, патока, апельсиновые кранчи (концентр…","состав: шоколадный; вид шоколада: темный шоколад; вид начинки: апельсин; орехи; шоколад; количество предметов в упаковке: 1, 2, 3, 5, 9, 18 шт.; срок годности: 1 год; минимальная температура хранения: +5 °c; максимальная температура хранения: +21 °c; особенности продукта: без гмo; страна производства: россия; длина упаковки: 16 cm; высота упаковки: 23 cm; ширина упаковки: 9 cm; валюта: rub",0.98189926,0.8389767,0.13183279742765275,256,256,True,0.00752753,0.8333333333333334,1,1,0.0,0.0,0.0,0.0,0.045454545454545456
68719537156,120259115844,0.0,Бытовая химия,brezo / brezo 97036 парфюмированная вода для утюгов 1л,"парфюмированная вода для утюгов, 1л brezo 97036","срок годности: 3 года с даты производства ,указанная на упаковке; объем товара: 1000 ml; страна производства: россия; вес с упаковкой (кг): 1.1 kg; комплектация: парфюмированная вода - 1 l; длина упаковки: 7 cm; высота упаковки: 26 cm; ширина упаковки: 7 cm; валюта: rub; цвет: белый",артикул: химу002; бренд: нет бренда; состав: парабены; тип: специальное чистящее средство,0.98109055,0.9405535,0.003215434083601365,105,105,False,0.0018464327,1.0,0,0,0.0,0.0,0.0,0.0,0.0
584115707674,738734392863,0.0,Хобби и творчество,"nobrand трафарет пластик ""плитки азулежу 4 рисунка"" 15х15 см","трафарет пластик ""плитки азулежу 4 рисунка"" 15х15 см","бренд: nobrand; модель: твори сейчас; тип: трафарет; длина, см: 15; спирограф: нет; цвет: белый; ширина, см: 15; тематика: узоры; флуоресцентный: нет; материал: пластик; страна-производитель: россия; код товара: 100046017146","возраст ребенка: от 3 лет; бренд: promarket; цвет товара: белый; материал: пластик; максимальный возраст ребенка: до 18 лет; минимальный возраст ребенка: от 3 лет; количество в упаковке, шт: 1; пол ребенка: унисекс; тип: трафарет для рисования",0.97692317,0.9578621,0.0,114,114,False,0.010181189,0.8888888888888888,0,0,0.0,0.0,0.0,0.0,0.125
309237729765,764504256249,0.0,Красота и гигиена,"dr.ceuracle тонер успокаивающий с центеллой - cica regen 92 toner, 120мл",dr.ceuracle / успокаивающий тонер с центеллой cica regen 92 toner 120ml,"целевая аудитория: взрослая; способ применения: нанести небольшое количество тонера на сухую очищенную кожу массажными движениями до полного впитывания. рекомендуется наносить несколько раз.; область использования: лицо; бренд: dr.ceuracle; состав: centella asiatica extract (92%), prooanediol, 1,2 – hexanediol, ulmus davidiana root extract, amaranthus caudadus seed extract, portulaca oleracea extract, adinidia arguta fruit extract, sodium citrate, adenosine, citric acid, disodium edta, madecass…",состав: центеллы азиатской экстракт; вода; тип кожи: для жирной кожи; для комбинированной кожи; для проблемной кожи; действие: питание и укрепление липидного слоя; разглаживание и смягчение кожи; заживляющий и успокаивающий эффект; объем товара: 120 ml; страна производства: республика корея; валюта: rub,0.9757269,0.9587208,0.0,256,256,True,0.012227297,1.0,0,0,0.0,0.0,0.0,0.0,0.0
584115555492,670015016467,0.0,Хобби и творчество,развивающая игра накорми зверушку (2 основы+ ложка+ 20 элементов),"развивающая игра лесная мастерская ""накорми зверушку"" (2 основы+ ложка+ 20 элементов)","возраст ребенка: от 3 лет; артикул: 3627093; вид головоломки: головоломки рубика; принцип игры: перемещение сегментов; бренд: лесная мастерская; цвет товара: разноцветный; образец цвета: https://cdn1.ozone.ru/s3/multimedia-i/6640995006.jpg; страна-изготовитель: китай; размеры, мм: 160×220×220; вид выпуска товара: фабричное производство; материал: дерево; минимальный возраст ребенка: от 3 лет; комплектация: развивающая игра 1 шт; упаковка: картонная коробка; единиц в одном товаре: 1; тип: голово…","тип: настольная игра; возраст от: 7 лет; тип игры: логическая; материал: дерево, картон",0.9753429,0.9266936,0.02033898305084747,155,155,False,0.00018787384,0.8181818181818182,0,0,0.0,0.0,0.0,0.0,0.0
292057865413,644245102248,0.0,Бытовая химия,"капсулы для посудомоечной машины fairy ""platinum. all in 1. лимон"", 50шт., 8001841748412",капсулы для посудомоечных машин fairy platinum all in one лимон 50 шт,целевая аудитория: взрослая; бренд: fairy; состав: чистящее средство; тип: капсулы для посудомоечной машины,"тип средства: капсулы; назначение: для посудомоечной машины; количество в упаковке: 50 шт; эффект: удаление жира, удаление загрязнений; аромат: цитрусовый; состав: 5-15% неионогенные пав, отбеливающие вещества на основе кислорода, поликарбоксилаты, <5% фосфонаты, энзимы, ароматизирующие добавки, цитронеллол, лимонен, линалоол.; особенности состава: без фосфатов; рекомендации по применению: очистите посуду от остатков еды. засыпьте порошок в диспенсер до уровня, указанного в инструкции к посудом…",0.973831,0.9121274,0.032154340836012874,256,256,True,0.0067327023,0.4117647058823529,0,0,0.0,0.0,0.0,0.0,0.0
489626433847,377957253719,0.0,Хобби и творчество,"starpony настольные игры / пазл детский ""дедушка мороз и снегурочка"", 54 элемента","пазл детский ""дед мороз и снегурочка"", 54 элемента","материал изделия: картон; комплектация: пазл детский дедушка мороз и снегурочка , 54 элемента; страна производства: россия; длина упаковки: 9 cm; высота упаковки: 3 cm; ширина упаковки: 7 cm; валюта: rub","возраст ребенка: от 3 лет; бренд: puzzle time; цвет товара: разноцветный; название цвета: разноцветный; страна-изготовитель: россия; материал: картон; минимальный возраст ребенка: от 3 лет; тематика: новый год и рождество; тип: пазл; количество элементов, шт: 54",0.9734335,0.9029455,0.06440677966101693,115,115,False,0.0036310554,0.5833333333333334,0,0,0.0,0.0,0.0,0.0,0.15384615384615385
309237803471,627065238604,0.0,Детские товары,"зайка ми / мягкая игрушка ""зайка ми леденцовая нежность"", 25 см","мягкая игрушка ""зайка ми леденцовая нежность"", 32 см","цвет: серый; материал игрушки: искусственный мех, синтепон; страна производства: россия; вес товара с упаковкой (г): 400 g; длина упаковки: 32 cm; высота упаковки: 13 cm; ширина упаковки: 17 cm; валюта: rub","бренд: нет бренда; цвет товара: серый; название цвета: серый; страна-изготовитель: россия; высота игрушки, см: 25; материал: синтепон; минимальный возраст ребенка: от 3 лет; пол ребенка: унисекс; вид мягкой игрушки: традиционные; тип: мягкая игрушка",0.9731302,0.94629276,0.013605442176870763,111,111,False,0.0043317676,0.7777777777777778,0,0,0.0,0.0,0.0,0.0,0.13333333333333333
833223778187,515396137117,0.0,Музыкальные инструменты,классическая гитара belucci bc3805 bls,"belucci / гитара классическая 7/8 (38"") комплект bc3805 bls","материал корпуса/верхней деки: липа; материал нижней деки: липа; бренд: belucci; тип бриджа: фиксированный; цвет товара: синий; название цвета: синий; страна-изготовитель: китай; размеры, мм: 350 х 85 х 960; материал накладки грифа: пластик; количество ладов, шт.: 19; форма гитары: классическая; размер инструмента: 7/8; материал грифа: клен; крепление грифа: вклеенный; материал обечайки: липа; материал струн: нейлон; количество струн: 6; тип: классическая гитара",цвет: синий; материал грифа: клен; материал верхней деки: липа; материал нижней деки: липа; материал обечайки: липа; количество струн инструмента: 6 шт.; количество ладов: 19 шт.; крепление грифа: вклеенный; форма корпуса гитары: классическая; мензура: 620 mm; высота предмета: 96.5 cm; глубина предмета: 9 cm; ширина предмета: 36 cm; комплектация: гитара 1 шт; чехол 1 шт; ремень 1 шт; струны 6 шт; медиаторы 3 шт; вес товара без упаковки (г): 1455 g; длина упаковки: 97 cm; высота упаковки: 11 cm;…,0.9729266,0.93346494,0.016241299303944245,174,174,False,0.0054863095,0.5555555555555556,0,0,0.0,0.0,0.0,0.0,0.18518518518518517
231928398831,231928386867,0.0,Мебель,стул sht-st29/s130 hd,стул sheffilton sht-st29/s130 hd,"артикул: a-194017; бренд: sheffilton; глубина, см: 55; высота, см: 81; вид выпуска товара: фабричное производство; материал корпуса: металл; тип: стул; ширина, см: 54; регулируемая спинка: нет; с подлокотниками: нет",цвет товара: мятный/черный муар; габариты транспортной упаковки: 65х52х46 см; вес в транспортной упаковке: 4.56 kg,0.9726966,0.94413835,0.002949852507374673,81,81,False,0.02103579,0.8333333333333334,0,0,0.0,0.0,0.0,0.0,0.0
661425012291,704374726705,0.0,Красота и гигиена,"collistar питательный крем для душа talasso, 250 мл","крем для душа collistar talasso, 250 мл","бренд: collistar; состав: ingredients: aqua, prunus amygdalus dulcis oil, sodium trideceth sulfate, sodium lauroamphoacetate, sodium chloride, cocamide mea, parfum, citric acid, hydroxypropyl guar hydroxypropyltrimonium chloride, sodium glycolate, macadamia ternifolia seed oil, aleurites moluccana seed oil, butyrospermum parkii (shea) butter, maris sal, haematococcus pluvialis extract, glycerin, polyglucuronic acid, tocopheryl acetate, bht, phenoxyethanol, sodium benzoate, potassium sorbate, am…","объем: 250 ml; средство: крем; линейка: talasso; пол: женский; тип кожи: для всех типов; область применения: тело; эффект: восстановление; масла и экстракты: масло ши (карите); состав: aqua, prunus amygdalus dulcis oil, sodium trideceth sulfate, sodium lauroamphoacetate, sodium chloride, cocamide mea, parfum, citric acid, hydroxypropyl guar hydroxypropyltrimonium chloride, sodium glycolate, macadamia ternifolia seed oil, aleurites moluccana seed oil, butyrospermum parkii (shea) butter, maris sa…",0.97180474,0.9561292,0.0,256,256,True,0.00990665,0.875,0,0,0.0,0.0,0.0,0.0,0.05555555555555555
798864004522,8590037489,0.0,Строительство и ремонт,"зубр 100 шт., 40-64 мм, оцинкованные, просечная лента 12,7 мм, хомуты 37805-040-64-100 мастер","зубр / хомуты оцинкованные, просечная 12.7 мм, 40-64 мм, 100 шт, зубр, ( 37805-040-64-100 )","бренд: зубр; макс. диаметр хомута, мм: 64; мин. диаметр хомута, мм: 40; цвет товара: серый металлик; страна-изготовитель: китай; материал: оцинкованная сталь; комплектация: металлические хомуты - 100 шт.; единиц в одном товаре: 100; тип: набор хомутов; ширина, мм: 12.7",страна производства: китай; комплектация: хомуты - 1 шт; валюта: rub,0.97138494,0.986688,0.003355704697986628,125,125,False,0.006487608,0.875,0,0,0.0,0.0,0.0,0.0,0.08333333333333333
420906940800,283467924804,0.0,Красота и гигиена,"siberian wellness крем-комплекс для зрелой кожи, косметика с комплексом экстрактов сибирских эндемиков, 50мл, оригинал","крем-комплекс для зрелой кожи - косметика с комплексом экстрактов сибирских эндемиков, 50 мл","объем: 50 ml; вес: 100 g; тип упаковки: тюбик; средство: крем для ухода за кожей; возраст: от 18 лет; эффект: восстановление, защита; тип кожи: для всех типов; область нанесения: лицо; время нанесения: дневное/ночное; активный ингредиент: бетаин, глицерин, лецитин, спирт; страна бренда: беларусь; способ применения: наносить утром и вечером на предварительно очищенную кожу лица, шеи, рук и область декольте.; состав: активные компоненты: экстракты подорожника, красного винограда, калины, солодки,…","целевая аудитория: взрослая; способ применения: наносить утром и вечером на предварительно очищенную кожу лица, шеи, рук и область декольте.; область использования: лицо; бренд: нет бренда; состав: активные компоненты: экстракты подорожника, красного винограда, калины, солодки, комплекс растительных экстрактов endemix (экстракты саган-дайли, элеутерококка, красной щетки, маральего корня, байкальского шлемника). состав: вода, масло кукурузное, глицерилстеаратцитрат, цетеариловый спирт, глицерин,…",0.9713291,0.9513952,0.0,256,256,True,0.025893748,0.8125,0,0,0.0,0.0,0.0,0.0,0.1111111111111111
154618847884,661424972493,0.0,Товары для животных,"цепь оцинк. din 763,дл.звено  3мм , 5м   ","стройбат цепь оцинк. din 763, дл. звено 5мм , 3м","бренд: нет бренда; страна-изготовитель: китай; вид поводка: цепь; материал: металл; предназначено для: для собак; тип: поводок; длина поводка, м: 5",тип: поводок; диаметр: 5 mm; длина: 3 м; вид цепи: длиннозвенная,0.96899724,0.84255254,0.08463949843260188,85,85,False,0.001232028,0.5833333333333334,2,1,0.0,0.0,0.0,0.0,0.1
532576032449,163208826633,0.0,Продукты питания,"мармелад fruittella медвежата, 150г","мармелад fruittella медвежата, 150 г","тип: мармелад; тип упаковки: пластиковый пакет; вес, г/мл: 150; форма выпуска: зверушки; количество штук в упаковке: 1; белки, г: 6; жиры, г: 0.1; углеводы, г: 73; ширина упаковки, см: 15.4; высота упаковки, см: 15.2; длина упаковки, см: 3.6; особенности: ассорти; для детей; энергетическая ценность, ккал/100 g: 320; рекомендуемая температура хранения, c: от +5 до +25; начинка и добавки: фруктовая; вид конфет: желейные; особенности состава: без глютена; без искусственных подсластителей; без конс…","бренд: fruittella; условия хранения: в сухом месте; состав: глюкозный сироп, сахар, желатин, регулятор кислотности (лимонная кислота), концентрированные соки из фруктов (лимонный, клубничный, яблочный, апельсиновый), натуральные ароматизаторы, концентраты (сафлор, спирулина), растительное масло, концентрированный сок черной моркови, экстракт редиса, глазирователи (воск карнаубский, воск пчелиный, белый); страна-изготовитель: россия; упаковка: флоу пак; единиц в одном товаре: 1; максимальная тем…",0.9686745,0.9835781,-0.003215434083601254,256,256,True,0.006848216,1.0,0,0,0.0,0.0,0.0,0.0,0.17857142857142858
833223789659,85899400633,0.0,Строительство и ремонт,не определен винт m5х20 для бензореза makita dpc7330,винт для бензореза makita (макита) dpc7330,тип: винт; назначение: для бензорезов,бренд: makita; совместимый инструмент: бензорез; страна-изготовитель: китай; комплектация: винт для бензореза makita dpc7330; совместимый бренд: makita; тип: запчасть для бензоинструмента; гарантия: 2 недели,0.96814793,0.9379505,0.003355704697986517,79,79,False,0.015871406,0.5555555555555556,0,0,0.0,0.0,0.0,0.0,0.0
575525622128,111669204008,0.0,Дом и сад,"медаль юбилейная с лентой '80 лет. красная', d 70 мм","noname медаль юбилейная с лентой ""80 лет. красная"", d = 70 мм","артикул: 6624128; бренд: нет бренда; цвет товара: разноцветный; высота, см: 15; праздник: день рождения; длина, см: 15; вид выпуска товара: фабричное производство; материал: бумага; тип: кубок; ширина, см: 9","цвет товара: красный; повод: юбилей; материал: бумага, металл, текстиль; диаметр: 7 cm",0.9677841,0.9565006,0.0,88,88,False,0.017412782,0.9090909090909091,0,0,0.0,0.0,0.0,0.0,0.0
721554591460,386547093971,0.0,Дом и сад,"плед 150х200см, корал-флис, 165г/м, пэ100%","бояртекс / плед 150х200см, корал-флис 165г/м, пэ100%","артикул: 6641518; бренд: бояртекс; страна-изготовитель: россия; длина, см: 150; вид выпуска товара: фабричное производство; материал: корал-флис; тип: плед; ширина, см: 200",вес с упаковкой (кг): 0.668 kg; страна производства: россия; комплектация: уточните у продавца; длина упаковки: 32 cm; высота упаковки: 10 cm; ширина упаковки: 27 cm; валюта: rub,0.96718514,0.962403,-0.010563380281690127,105,105,False,0.005996704,0.8888888888888888,0,0,0.0,0.0,0.0,0.0,0.07142857142857142
377957138674,25674,0.0,Детские товары,"танк радиоуправляемый fighter, 4wd, управление жестами, стреляет гелевыми пулями, цвет чёрно-синий","noname танк радиоуправляемый fighter, 4wd, управление жестами, стреляет гелевыми пулями, цвет чёрно-синий",бренд: lisik.; страна-изготовитель: китай; максимальный возраст ребенка: до 15 лет; минимальный возраст ребенка: 5 месяцев; пол ребенка: унисекс; тип: игрушка радиоуправляемая,"цвет товара: черный; функции: стреляет; особенности: пульт ду в комплекте; управление: радиоуправление, управление жестами; питание: от аккумулятора; тип батареек: аа; материал: пластик; минимальный возраст: от 5 лет; размер (шхв): 16х14 см; вес: 1520 g; срок службы: 12 мес., использовать при температуре не ниже -10 градусов; гарантийный срок: 1 g., гарантия на аккумулятор — 6 месяцев",0.9669089,0.94921446,-0.006802721088435382,165,165,False,0.017521858,0.9230769230769231,0,0,0.0,0.0,0.0,0.0,0.0
420906813219,335007556633,0.0,Электроника,hi-black / картридж hi-black (hb-q6472a) для hp clj 3600,"картридж hi-black (hb-q6472a) для hp clj 3600, восстановленный, y, 4k",длина упаковки: 15 cm; высота упаковки: 30 cm; ширина упаковки: 15 cm; валюта: rub,"бренд: hi-black; цвет тонера/чернил: желтый (yellow); цветность: цветной; страна-изготовитель: китай; размеры, мм: 210*120*430; количество цветов: 1; оригинальность расходника: совместимый; комплектация: с чипом; емкость: стандартная; тип расходного материала для печати: картридж; назначение: для лазерного принтера; количество в упаковке, шт: 1; тип: расходник для печати; вес товара, г: 1400; ресурс: 4000",0.96641237,0.9314301,0.002457002457002533,124,124,False,0.022688031,0.75,0,0,0.0,0.0,0.0,0.0,0.0
721554659077,781684122691,0.0,Красота и гигиена,"распродажа косметики / пилинг the ordinary aha 30% + bha 2% peeling solution, 30 мл","the ordinary кислотный пилинг aha 30% plus bha 2% peeling solution, 30 ml",состав: косметический; вид пилинга: красный; действие: восстановление; заживление; питание; формат пилинга: маска-пилинг; вес товара без упаковки (г): 30 g; валюта: rub,"целевая аудитория: взрослая; возрастной диапазон: от 18 лет; способ применения: лучше всего использовать вечером, не чаще двух раз в неделю. очистите лицо и подождите, пока кожа высохнет. не используйте на влажной коже. равномерно нанесите на лицо и шею кончиками пальцев. оставьте не более чем на 10 минут. смойте теплой водой. избегайте попадания на кожу вокруг глаз и контакта с глазами как во время нанесения, так и во время смывания. этот маловязкий раствор предназначен для использования в кач…",0.96604615,0.91082126,0.027874564459930307,256,256,True,0.0075929165,0.7142857142857143,0,0,0.0,0.0,0.0,0.0,0.0
429496831396,592705595604,0.0,Дом и сад,"гирлянда""сеть"" 1.6х 1.6 м, ip20, прозрачная нить, 144 led, свечение тёплое белое, 8 режимов, 220 в","без бренда гирлянда «сеть» 1.6 × 1.6 м, ip20, прозрачная нить, 144 led, свечение белое, 8 режимов, 220 в","артикул: 3556874; бренд: luazon lighting; вид выпуска товара: фабричное производство; комплектация: гирлянда ""сеть"" 1.6 х 1.6 м, ip20, прозрачная нить, 144 led, свечение теплое белое, 8 режимов, 220 в; тип: электрогирлянда",тип: гирлянда; вид гирлянды: сетка; размещение: в помещении; тип ламп: светодиоды; количество ламп: 144 шт.; источник питания: от сети; класс пылевлагозащиты: ip 20; длина: 22 cm; ширина: 160 cm,0.964082,0.8733179,0.028169014084507116,176,176,False,0.021093428,0.8,0,0,0.0,0.0,0.0,0.0,0.0
515396199790,661425014454,0.0,Музыкальные инструменты,струны для акустической гитары ernie ball 2146,cтруны для акустической гитары ernie ball 2146,"инструмент: акустическая гитара; количество струн в упаковке: 6 шт.; калибр: 12; материал сердечника: сталь; материал оплетки: фосфористая бронза; натяжение: слабое, среднее, -","бренд: ernie ball; страна-изготовитель: сша; вид музыкального аксессуара: струны; количество в упаковке, шт: 6; калибр струн: 12; тип: аксессуар для струнных",0.96376514,0.9396453,0.00696055684454755,80,80,False,0.01925546,0.75,0,0,0.0,0.0,0.0,0.0,0.09090909090909091
103079288599,704374780679,0.0,Спорт и отдых,переключатель передний shimano alivio fd-m410-e,"переключатель передний alivio fd-m410-e 42-22t, универс тяга/370148",тип: переключатель передний; количество скоростей: 3,бренд: shimano; тип: переключатель передний,0.9636332,0.8123241,0.07333333333333336,63,63,False,0.020022929,0.5,0,0,0.0,0.0,0.0,0.0,0.3333333333333333
197568616922,25769841146,0.0,Продукты питания,mamba / конфеты жевательные mamba волшебный твист 150 г,конфеты жевательные mamba волшебный твист 150 г,вид конфет: ассорти; особенности продукта: не содержит гмо; страна производства: германия; длина упаковки: 12 cm; высота упаковки: 6 cm; ширина упаковки: 9 cm; валюта: rub,"бренд: нет бренда; условия хранения: хранить в прохладном месте; состав: сахар, глюкозный сироп, растительное масло, агент влагоудерживающий сорбитовый сироп (е420ii), желатин, регулятор кислотности лимонная кислота (е330), ароматизаторы, концентрат черной моркови, концентрат спирулины, краситель куркумин (е100), концентрированный сок клубники, пюре из черной смородины.; единиц в одном товаре: 1; максимальная температура: 25; минимальная температура: 5; срок годности в днях: 1099; тип: конфеты",0.9631933,0.9524162,0.006430868167202508,177,177,False,0.00090014935,1.0,0,0,0.0,0.0,0.0,0.0,0.0
146029009810,695784862592,0.0,Бытовая химия,"стиральный порошок ariel color автомат, 12 кг, 80 стирок",ariel / ariel автомат color 80 стирок 12 кг,"бренд: ariel; состав: 5-15% анионные пав; < 5% неионогенные пав, поликарбоксилаты, цеолиты; энзимы, ароматизирующие добавки; страна-изготовитель: россия; форма выпуска средства: порошок; вид стирки: автоматическая; число стирок: 80; упаковка: пластиковый пакет; единиц в одном товаре: 1; тип: стиральный порошок; назначение средства для стирки: для цветных тканей; вес товара, г: 12000; с дозатором: нет",вес товара без упаковки (г): 12000 g; назначение стирального средства: для замачивания и стирки; для стойких загрязнений; для цветного белья; эффект средства: придание свежести; сохранение цвета; страна производства: казахстан; вес товара с упаковкой (г): 12000 g; длина упаковки: 30 cm; высота упаковки: 30 cm; ширина упаковки: 20 cm; валюта: rub,0.96262646,0.9243324,0.009646302250803873,157,157,False,0.0018967986,0.7777777777777778,0,0,0.0,0.0,0.0,0.0,0.0
156183,515396197646,0.0,Товары для животных,"triol / удочка-дразнилка монстрик, 60/500 мм","удочка-дразнилка для кошек ""монстрик"", 60/500мм, triol",назначение игрушки для животных: для борьбы со стрессом; для здоровья зубов; для отвлечения во время отсутствия хозяина; вид игрушки для животных: удочка-дразнилка; вид животного: для кошек; страна производства: китай; комплектация: игрушка; валюта: rub,бренд: triol; предназначено для: для кошек; единиц в одном товаре: 1; тип: игрушка для животных,0.9625302,0.9291252,0.0031347962382445305,96,96,False,0.0008453131,0.7777777777777778,0,0,0.0,0.0,0.0,0.0,0.1111111111111111
721554517710,17179969486,0.0,Автотовары,наконечник рулевой ctr cem28,ctr / наконечник рулевой l-r ctr cem-28,альтернативные артикулы товара: ce0401; артикул: ctr_cem28; бренд: ctr; oem-номер: mb831044; mr296274; партномер (артикул производителя): cem28; тип: наконечник рулевой,артикул производителя: ce0401; страна производства: республика корея; комплектация: 1 шт; длина упаковки: 30 cm; высота упаковки: 10 cm; ширина упаковки: 15 cm; валюта: rub,0.96159214,0.98288625,0.006329113924050667,88,88,False,0.018744469,0.375,0,0,0.0,0.0,0.0,0.0,0.08333333333333333
60129637391,103079263782,0.0,Музыкальные инструменты,"feg/feg-kg-21-grey электрогитара, серая, foix",электрогитара foix feg/feg-kg-21-grey,"цвет товара: серый; тип: электрогитара; мензура: 25.5118""; количество струн: 6; тип крепления грифа: болченый; материал корпуса: липа; количество ладов: 24; схема звукоснимателей: h-s-h","бренд: foix; страна-изготовитель: китай; партномер: 1; комплектация: гитара 1 шт; количество струн: 6; тип: электрогитара; гарантийный срок: 12 месяцев; вес товара, г: 8000",0.9609644,0.95104057,-0.00696055684454755,88,88,False,0.038405895,0.8571428571428571,0,0,0.0,0.0,0.0,0.0,0.14285714285714285
549755863016,360777325144,0.0,Электроника,oem аккумуляторная батарея eb-bg930abe для samsung galaxy s7 sm-g930f,аккумулятор eb-bg930abe для samsung galaxy s7 / g930f,производитель телефона: samsung; совместимые модели: samsung galaxy s7; емкость: 3000 ма·ч; выходное напряжение: 3.85 в; тип аккумулятора: li-ion; срок службы: 1 g.; гарантийный срок: 1 мес.,"бренд: battery collection; емкость, ма•ч: 3000; кол-во циклов заряд-разряд: 500; химический тип: li-ion; цвет товара: серебристый; список совместимых устройств: samsung galaxy s7 (sm-g930f); страна-изготовитель: китай; назначение: для мобильного телефона; размеры, мм: 109х44х5; совместимые модели: samsung galaxy s7; особенности: необслуживаемая акб; срок службы, лет: 1; комплектация: аккумулятор - 1 шт; упаковка: пакет с клапаном; количество в упаковке, шт: 1; подходит для: samsung; тип: аккуму…",0.9604324,0.9870499,-0.004914004914004955,152,152,False,0.017317355,0.5833333333333334,0,0,0.0,0.0,0.0,0.0,0.13636363636363635
403727070501,386547188458,0.0,Автотовары,lynxauto / сайлентблок переднего рычага подвески -,"lynxauto сайлентблок, арт. c9251",сторона установки: перед п...; оем номер: fk0249; cab10032; cab30003; cab60003; 50 92 2138; 50 92 2139; fg0796; tgd350280738; tgd350280739; 1540203209; vpm1436169; vpm22138; c9251; 80661; sj2302; gm5692; mzab-081; tef1486; a32-0140; wg1994443; 302 015; bu2373; bu2374; 72-0558; gm-6662; 36629m-pcs-ms; 74916; артикул производителя: c9251; страна производства: республика корея; комплектация: полная комплектация в описании; вес с упаковкой (кг): 0.15 kg; длина упаковки: 9 cm; высота упаковки: 9 cm;…,артикул: 285053; бренд: lynxauto; партномер (артикул производителя): c9251; тип: сайлентблок,0.9599543,0.98559695,-0.006329113924050667,219,219,False,0.015646696,0.2857142857142857,0,0,0.0,0.0,0.0,1.0,0.08333333333333333
137438977649,335007577966,0.0,Детские товары,"iq bot робот радиоуправляемый ""минибот"", световые эффекты, цвет синий","робот радиоуправляемый ""минибот"", световые эффекты, цвет синий",цвет товара: синий; функции: музыкальная; особенности: пульт ду в комплекте; управление: радиоуправление; питание: от батареек; тип батареек: lr44; материал: пластик; минимальный возраст: от 3 лет; гарантийный срок: 1 g.,бренд: iq bot; страна-изготовитель: китай; максимальный возраст ребенка: до 13 лет; минимальный возраст ребенка: 4 месяца; пол ребенка: унисекс; тип: робот радиоуправляемый,0.9594437,0.93432593,0.04421768707482987,107,107,False,0.0109552145,0.7777777777777778,0,0,0.0,0.0,0.0,0.0,0.0
377957218445,635655301810,0.0,Детские товары,"retailoriginal store / мягкая игрушка «мишка лаппи», 23 см","мягкая игрушка ""мишка лаппи"", 23 см",валюта: rub,"бренд: нет бренда; страна-изготовитель: китай; дополнительные функции: без эффектов; высота игрушки, см: 23; материал: полипропилен; минимальный возраст ребенка: 11 месяцев; пол ребенка: унисекс; вид мягкой игрушки: традиционные; тип: мягкая игрушка",0.9590795,0.9025349,0.12244897959183665,71,71,False,0.0050528646,0.75,0,0,0.0,0.0,0.0,0.0,0.0
146028928335,403727003607,0.0,Хобби и творчество,"лесная мастерская конструктор деревянный «робот», 29 деталей","конструктор деревянный ""робот"", 29 деталей",количество деталей: 29 шт.; материал: дерево,бренд: лесная мастерская; страна-изготовитель: россия; тип: деревянная модель,0.9575959,0.9184011,0.03389830508474578,49,49,False,0.01057446,0.7142857142857143,0,0,0.0,0.0,0.0,0.0,0.0
412316890524,609885383777,0.0,Детские товары,"без бренда конструктор винтовой «лошадка», 20 деталей","конструктор винтовой ""лошадка"", 20 деталей",количество деталей: 20 шт.; тип конструктора: винтовой; рекомендуемый возраст: от 3 лет,артикул: 7865383; бренд: нет бренда; тематика конструкторов: роботы; особенности конструктора: блочный; страна-изготовитель: китай; максимальный возраст ребенка: до 16 лет; минимальный возраст ребенка: от 3 лет; срок годности в днях: 365; тип: конструктор пластиковый,0.95727867,0.94284046,0.010204081632652962,74,74,False,0.023155093,0.7142857142857143,0,0,0.0,0.0,0.0,0.0,0.09090909090909091
747324466680,240518177301,0.0,Мебель,тумба под раковину jacob delafon madeleine 80 подвесной белый глянец eb2083-j5,"jacob delafon тумба под раковину, 83х40х47.6 см","артикул производителя: eb2083-j5; бренд: jacob delafon; монтаж: напольный; высота, см: 45.2; ширина, см: 79.8; глубина, см: 46.2; артикул сопутствующего товара: e14800-7; тип раковины: накладная; материал корпуса: мдф; лдсп; покрытие корпуса: эмаль; материал фасадов: мдф; покрытие фасадов: эмаль; поверхность фасадов: глянцевая; материал столешницы: мдф; цвет: белый; цвет фасадов: белый; цвет столешницы: белый; цвет фурнитуры: серебристый; количество ящиков: 2; количество полок: 0; количество дв…","артикул: eb2083-j5; бренд: jacob delafon; цвет товара: белый; название цвета: белый; страна-изготовитель: франция; глубина, см: 40; материал фасада: мдф; высота, см: 47.6; вид выпуска товара: фабричное производство; материал корпуса: лдсп; назначение (помещение): для бани; стиль дизайна: современный; тип: тумба под раковину; гарантийный срок: 5 лет; вес товара, г: 30000; ширина, см: 83; раковина в комплекте: нет",0.957019,0.94766295,-0.002949852507374673,223,223,False,0.033551157,0.3333333333333333,0,0,1.0,0.0,0.0,0.0,0.1875
575525657718,403726935213,0.0,Красота и гигиена,"dr jart+ / увлажняющий крем для лица dr.jart+ vital hydra solution, 50м",dr.jart+ увлажняющий крем для лица vital hydra solution biome moisture cream 50 мл.,действие: увлажнение восстановление упругость кожи; страна производства: республика корея; валюта: rub,"целевая аудитория: взрослая; способ применения: после очищения и тонизирования, нанесите небольшое количество крема на лицо. кончиками пальцев легкими массажными движениями распределите крем.; область использования: лицо; бренд: dr.jart+; состав: фермент стрептококк термопилиус (628,000ppm), глицерин, каприловый / каприновый триглицерид, пропандиол, полиглицерил-3 дистеарат, 1,2-гександиол, вода, масло семян пенника лугового, ниацинамид, масло ши, цетеариловый спирт , бутиленгликоль, гидролизов…",0.9561919,0.9255674,0.013937282229965153,256,256,True,0.010828078,0.6,0,0,0.0,0.0,0.0,0.0,0.0
704374658925,575525639666,0.0,Строительство и ремонт,лампа светодиодная saffit sbgx5315,"лампа cветодиодная saffit, (15w) 230v gx53 4000k, sbgx5315",тип лампы: светодиодная; энергосберегающая: да; назначение: общее освещение; форма колбы: таблетка; тип цоколя: gx53; мощность: 15 w; напряжение: 220-240 в; цвет свечения: холодный белый; максимальная цветовая температура: 6400 к; индекс цветопередачи (ra): 80; длина: 28 mm; диаметр: 74 mm; срок службы: 25000 ч; эквивалент лампы накаливания: 140 w; гарантийный срок: 1 g.; габариты транспортной упаковки: 7.60х3х7.60 см; вес в транспортной упаковке: 0.045 kg,"бренд: saffit; форма лампочки: таблетка; назначение лампы: для люстр и светильников; технология: светодиодная; тип цоколя: gx53; цвет товара: белый; индекс цветопередачи, ra: 80; страна-изготовитель: китай; диаметр, мм: 74; диммируемость: нет; напряжение питания, в: 230; угол рассеивания, °: 120; световой поток, лм: 1215; партномер: 55192; комплектация: лампочка 1 шт.; упаковка: картонная коробка; место применения: для дома; мощность, вт: 15; единиц в одном товаре: 1; свет: нейтральный белый; т…",0.9553453,0.93246007,0.003355704697986628,186,186,False,0.0024157166,0.3,0,0,0.0,0.0,0.0,0.0,0.10810810810810811
369367316917,395137109603,0.0,Красота и гигиена,"nivea дезодорант стик женский жемчужная красота, 50мл",дезодорант-антиперспирант стик для тела nivea жемчужная красота женский 50 мл,"бренд: nivea; состав: полный состав указан на упаковке товара; страна-изготовитель: германия; вид дезодоранта: стик; особенности состава: подходит для ежедневного применения; упаковка: стик; единиц в одном товаре: 1; пол: женский; время работы дезодоранта: 48 часов; тип: дезодорант; объем, мл: 50; вес товара, г: 50","тип изделия: дезодорант-антиперспирант; пол: женский; применение: для тела; аромат: свежий; форма выпуска: стик; свойства: гипоаллергенный; время действия: 48 ч; особенности: без следов на одежде; тип кожи: для всех типов кожи; объем: 50.0 ml; вес: 50.0 g; условия хранения: при температуре oт +5°с до +35°с; срок хранения: 3 g; вид упаковки: пластиковая туба; состав: aqua, aluminum chlorohydrate, ppg-14 butyl ether, cetyl palmitate, hydrogenated castor oil, c12-15 alkyl benzoate, cetearyl alcoho…",0.95486677,0.93297213,0.0,256,256,True,0.015752971,0.7272727272727273,0,0,0.0,0.0,0.0,0.0,0.16
309237670557,790274080249,0.0,Ювелирные изделия,"diamant, кольцо из золота, 51-111-02041-1, украшение из красного золота 585 пробы",кольцо из красного золота р. 19 diamant 51-111-02041-1,"целевая аудитория: взрослая; артикул: 51-111-02041-1_21,5; бренд: diamant; коллекция: базовая коллекция; страна-изготовитель: россия; о драгоценном металле: красное золото - золото в сплаве с серебром и медью. такое золото имеет много плюсов: оно не тускнеет, прочное и долговечное, устойчиво к деформациям. украшения из красного золота смотрятся благородно и всегда обращают на себя внимание.; модель кольца: обручальное; детские украшения: нет; проба: 585; комплектация: кольцо, бирка, пломба, под…","артикул производителя: 51-111-02041-1; модель: 51-111-02041-1; бренд: diamant; тип: кольцо; вид: обручальное; пол: унисекс; материал изделия: красное золото; проба: 585; вставка: без вставки; количество карат: 0; размер: 19; средний вес изделия, г: 2.01; цвет материала: золотистый; цвет вставки: без вставки; форма вставки: без вставки; покрытие: без покрытия; особенности дизайна: без особенностей; изображение/надпись: нет; страна-производитель: россия; код товара: 100064175369",0.9535463,0.88999337,0.0025062656641604564,256,256,True,0.009827554,0.6428571428571429,1,0,0.0,1.0,0.0,0.0,0.20689655172413793
309237732728,403726943186,0.0,Ювелирные изделия,"кольцо из золота с фианитом р. 19,5 sokolov 114118-02","sokolov, обручальное кольцо из комбинированного золота с фианитами, 114118-02, 585 проба","артикул производителя: 114118-02; модель: 114118-02; бренд: sokolov; тип: кольцо; пол: унисекс; материал изделия: комбинированное золото; проба: 585; вставка: фианит; размер: 19,5; средний вес изделия, г: 3,27; код товара: 100033379166","целевая аудитория: взрослая; артикул: 114118-02_18; бренд: sokolov; коллекция: базовая коллекция; страна-изготовитель: россия; вставка: фианит; вес основных вставок, карат: 0.2; количество камней: россыпь камней; модель кольца: обручальное; детские украшения: нет; проба: 585; комплектация: кольцо, бирка, пломба, подарочная упаковка; упаковка: подарочная упаковка; размер изделия: 18; пол: мужской; тематика: свадебная; тип: кольцо; гарантийный срок: гарантийный срок изделий составляет 6 (шесть) к…",0.953375,0.8711868,0.010025062656641603,245,245,False,0.0053769946,0.4375,1,0,0.0,1.0,0.0,0.0,0.15384615384615385
403727048633,678604955781,0.0,Аптека,облучатель ультрафиолетовый кварцевый оуфк-09-1,гзас им. попова / облучатель ультрафиолетовый кварцевый оуфк-09-1,бренд: линия здоровья; тип: рециркулятор,тип лампы облучателя: кварцевая; ультрафиолетовая лампа; бактерицидная лампа; мощность устройства: 50 w; вес без упаковки (кг): 1.5 kg; количество ламп: 1 шт.; питание: от сети; материал корпуса: сталь; модель: оуфк-09-1; цвет: белый; комплектация: облучатель ультрафиолетовый кварцевый оуфк-09-1; страна производства: россия; вес с упаковкой (кг): 1 kg; длина упаковки: 31 cm; высота упаковки: 23 cm; ширина упаковки: 28 cm; валюта: rub,0.95314866,0.93416,0.0,136,136,False,0.020440102,0.6666666666666666,0,0,0.0,0.0,0.0,0.0,0.0
17179956488,120259118908,0.0,Продукты питания,"вафли яшкино ""глазированные с орешками"", с какао, фундуком и арахисом, 200 г, яв218","яшкино / вафли с орешками с какао, фундуком и арахисом, 200 г","бренд: яшкино; условия хранения: хранить при температуре (18 ± 3) с, относительной влажности воздуха не более 70 %.; состав: мука пшеничная в/c, сахар, масла растительные, арахис жаренный тертый, сыворотка молочная сухая деминерализованная, какао-порошок, крахмал кукурузный, соль, эмульгатор: соевый лецитин; ядро фундука жареное тертое, антиокислитель: е306; разрыхлители: гидрокарбонат аммония, гидрокарбонат натрия; ароматизатор.; страна-изготовитель: россия; максимальная температура: 18; миним…","вкус: какао; вес товара без упаковки (г): 200 g; срок годности: 8 мес; страна производства: россия; вес товара с упаковкой (г): 200 g; комплектация: фундуком и арахисом; вафли яшкино ""глазированные с орешками""; 200 g; с какао; длина упаковки: 23 cm; высота упаковки: 20 cm; ширина упаковки: 10 cm; валюта: rub",0.9518944,0.9462361,0.0,256,256,True,0.03356898,0.8333333333333334,0,0,0.0,0.0,0.0,1.0,0.058823529411764705
188978665111,575525751360,0.0,Детские товары,"полесье / автомобиль самосвал премиум 67х26,5х36,5 см","автомобиль самосвал дорожный ""премиум"" 67х26,5х36,5 см","материал игрушки: пластик, металл; страна производства: беларусь; комплектация: машинка; валюта: rub","бренд: нет бренда; вид транспорта: масштабные модели; страна-изготовитель: беларусь; длина, см: 64.5; тип: машинка",0.9518537,0.920591,0.05782312925170063,71,71,False,0.0019689798,0.7777777777777778,0,0,0.0,0.0,0.0,0.0,0.2857142857142857
60129676696,481036443120,0.0,Красота и гигиена,"крем для лица с гиалуроновой кислотой it s skin hyaluronic увлажняющий, 50 мл","it's skin крем для лица увлажняющий с гиалуроновой кислотой, 50 мл it's skin acid moisture cream","целевая аудитория: взрослая; возрастной диапазон: от 25 лет; способ применения: небольшое количество крема нанесите на кожу по массажным линиям при помощи пальцев. избегайте попадания средства в глаза, только для наружного применения.; область использования: лицо; бренд: it's skin; состав: вода, глицерин, глицерет-26, диметикон, бис-пэг-18 метил эфир диметил силан, гидроксиэтил акрилат/натрия акрилоилдиметил таурат сополимер, экстракт плодов ацеролы, пэг-11 метил эфир диметикон, этилгексил изон…","объем: 50 ml; тип упаковки: стеклянная банка; средство: крем; возраст: от 25 лет; эффект: выравнивание микрорельефа, повышение упругости, сияние кожи, увлажнение; тип кожи: для всех типов; область нанесения: лицо; время нанесения: дневное; активный ингредиент: гиалуроновая кислота, глицерин; масла и экстракты: экстракт гибискуса, экстракт черники; азиатская косметика: да; страна бренда: корея; состав: состав (ingredients) указан на упаковке; срок годности: 365 дн.",0.9517785,0.91353,0.010452961672473893,256,256,True,0.004031539,0.75,0,0,0.0,0.0,0.0,0.0,0.07142857142857142
403726989639,429496798551,0.0,Красота и гигиена,"modum шампунь классика красный перец, 550 мл","шампунь классика красный перец, 550 мл","объем: 550 ml; вес: 600 g; страна бренда: беларусь; тип волос: для всех типов; средство: шампунь; не содержит: продуктов животного происхождения; состав: см. на упаковке; эффект: активация роста, восстановление, против выпадения; особенности: не тестируется на животных; профессиональное средство: да; срок годности: 6 мес.","бренд: modum; состав: косметическая основа 100%; страна-изготовитель: беларусь; особенности состава: подходит для ежедневного применения; упаковка: картонная коробка; пол: женский; солнцезащитная косметика: нет; тип: шампунь для волос; тип волос: для всех типов волос; эффект: мягкость; объем, мл: 550; вес, г: 609",0.95030665,0.9413603,-0.017421602787456414,134,134,False,0.02459222,0.8571428571428571,0,0,0.0,0.0,0.0,0.0,0.045454545454545456
764504231803,171798707115,0.0,Мебель,"кухня ""хозяюшка"" 1,8м (улучшенная фурнитура) - акация белая-деним","эра кухня ""хозяюшка"" 1,8м - акация белая","артикул: 132295; бренд: эра; глубина, см: 60; высота, см: 206; вид выпуска товара: фабричное производство; материал корпуса: лдсп; тип: кухонный гарнитур; ширина, см: 180",конструкция: шкаф-купе; назначение: для кухни; тип установки: напольный; дверцы: раздвижные; материал фасада: мдф; стиль: современный; ширина: 180 cm; глубина: 60 cm; высота: 206 cm,0.9502551,0.9213663,0.002949852507374673,109,109,False,0.023133278,0.6,0,0,0.0,0.0,0.0,0.0,0.0
85899409987,549755853159,0.0,Строительство и ремонт,gauss / светильник светодиодный 8вт 4000к 680лм elementary,"светодиодный светильник gauss ""elementary"" 8вт 680лм 4000к ip65 c датчиком движения",количество ламп: 1 шт.; материал изделия: abs-пластик; ширина предмета: 14 cm; высота предмета: 4.8 cm; свет: естественный белый; световой поток: 680 лм; питание: от сети; напряжение: 220 в; степень пылевлагозащиты: ip65; наличие батареек в комплекте: нет; тип цоколя: led; доп. опции прибора: автоматическое выключение; тип светильника: накладной; способ монтажа: горизонтальный; вертикальный; тип монтажа: наружный; страна производства: россия; гарантийный срок: 1 год; цвет: белый; декоративные э…,"бренд: gauss; форма: круг; страна-изготовитель: китай; степень защиты: ip65; высота, мм: 48; макс. мощность ламп, вт: 8; вид ламп: светодиодная; световой поток, лм: 680; количество ламп, шт: 1; вид питания: от сети 220в; свет: нейтральный белый; тип: накладной светильник; гарантия: 2 года; ширина, мм: 140; температура света, к: 4000; длина, мм: 140",0.94987524,0.85456413,0.03691275167785235,199,199,False,0.005574107,0.6666666666666666,0,0,0.0,0.0,0.0,0.0,0.027777777777777776
687194778117,180388717595,0.0,Бытовая химия,"synergetic кондиционер-ополаскиватель для белья ""лавандовое поле"", гипоаллергенный, 1500 мл",synergetic / 1500мл кондиционер-ополаскиватель для белья лавандовое поле,"артикул: fr-syne0029-1500-1-fr19p12; бренд: synergetic; состав: дистиллированная вода ˃30%, к-тензиды (растительного происхождения) 5-15%, парфюмерная композиция ""лаванда"" (масла лаванды, лавандина, бергамота, муската, шалфея) , пищевой краситель (кармуазин, бриллиантовый синий).; страна-изготовитель: россия; форма выпуска средства: жидкость; особенности применения: гипоаллергенность; число стирок: 33; комплектация: кондиционер-ополаскиватель - 1 штука; упаковка: бутыль; единиц в одном товаре: …",срок годности: 24 месяца; эффект средства: ароматизация; бережный уход; придание мягкости; страна производства: россия; длина упаковки: 13 cm; высота упаковки: 24 cm; ширина упаковки: 12 cm; валюта: rub,0.94911057,0.9396077,-0.019292604501607746,247,247,False,0.006218672,0.9,0,0,0.0,0.0,0.0,0.0,0.047619047619047616
481036485705,386547067319,0.0,Хобби и творчество,"тесьма с бусинками, 13 см, 5 0,5 м, цвет изумрудный/бежевый","без бренда тесьма с бусинками, 13 см, 5 ± 0,5 м, цвет изумрудный/бежевый",бренд: lisik.; страна-изготовитель: китай; тип: резинка для шитья,тип: тесьма,0.94847876,0.94914305,-0.01016949152542379,71,71,False,0.014510632,0.8461538461538461,0,0,0.0,0.0,0.0,0.0,0.0
266288070850,841813649856,0.0,Мебель,стеллаж мэрдэс су (ш3в2)+6фг венге/карамель,"мэрдэс стеллаж су(ш3в2)+6фг кв карамель/венге, 145х34х216 см",тип: стеллаж; материал корпуса: лдсп; ширина: 145 cm; глубина: 34 cm; высота: 216 cm,"артикул: су(ш3в2)+6фг кв карамель/венге; бренд: мэрдэс; цвет товара: бежевый; название цвета: карамель/венге; страна-изготовитель: россия; глубина, см: 34; форма поставки: в разобранном виде; высота, см: 216; вид выпуска товара: фабричное производство; материал корпуса: лдсп; назначение (помещение): для дома; стиль дизайна: современный; тип: стеллаж; особенности: с полками; гарантийный срок: 12 месяцев; вес товара, г: 163000; ширина, см: 145; количество полок: 18",0.94777465,0.92143303,-0.002949852507374673,148,148,False,0.00434798,0.7,0,0,0.0,0.0,0.0,1.0,0.09523809523809523
68719564833,163208888463,0.0,Бытовая химия,"биолан / средство для мытья посуды апельсин и лимон 450г, 20 шт",средство для мытья посуды биолан апельсин и лимон 450гр,"состав: 5% или более, но менее 15%: анионные пав; объем товара: 450 ml; срок годности: 36 месяцев; тип средства: гель; концентрат; жидкость; страна производства: россия; цвет: прозрачный; вес с упаковкой (кг): 9.62 kg; комплектация: товар и упаковка; длина упаковки: 25 cm; высота упаковки: 57 cm; ширина упаковки: 14 cm; валюта: rub","артикул: 1621247; бренд: нет бренда; состав: вид упаковки: пластиковая бутыль (пэт); для детской посуды: нет; количество в транспортном коробе: 20 шт.; форма выпуска: гель; объем, мл/вес, г: 450; страна происхождения: россия; разрешено для детских учреждений: нет; особенности: отсутствует; объем: 947 куб.см; отдушка: цитрусовая; комплектация: вид упаковки: пластиковая бутыль (пэт); для детской посуды: нет; количество в транспортном коробе: 20 шт.; форма выпуска: гель; объем, мл/вес, г: 450; стр…",0.94766104,0.93696946,-0.019292604501607746,256,256,True,0.025102317,0.8333333333333334,0,0,0.0,0.0,0.0,0.0,0.0
515396121998,541166015217,0.0,Спорт и отдых,кассета ly-1109ckhj dnp 9ск 11-32т/520098,dnp / кассета 9 скоростей для велосипеда ly-1109ckhj,бренд: нет бренда; тип: прочие аксессуары и запчасти для велосипеда,цвет: серый; тип барабана кассеты: кассеты 9 звезд; кассета 9 скоростей; стальная кассета велосипедная; количество скоростей: 9 шт.; комплектация: звезда велосипедная; страна производства: китай; валюта: rub,0.9463203,0.9111397,0.006666666666666599,93,93,False,0.028969288,0.3333333333333333,0,0,0.0,0.0,0.0,0.0,0.0
798864008840,197568540408,0.0,Канцелярские товары,"планшет выпускник детского сада , дети, 21,8 х 30 см","не определен планшет «выпускнику детского сада», дети, 21,8 х 30 см",бренд: нет бренда; цвет товара: разноцветный; страна-изготовитель: россия; формат: a4 (21 × 29.7 cm); материал: картон; тип: папка,формат: а4+,0.94519734,0.9263356,0.014184397163120588,66,66,False,0.028219521,0.6923076923076923,0,0,0.0,0.0,0.0,0.0,0.0
34359847717,34359874808,0.0,Бытовая химия,"grass / средство для пола arena с полирующим эффектом, 1 л","средство с полирующим эффектом для пола ""arena"" 1 л",объем (л): 1 l; эффект средства: удаление запахов; удаление грязи; удаление пыли; назначение средства: для пола; для роботов пылесосов; страна производства: россия; вес товара с упаковкой (г): 1050 g; комплектация: 1 шт; длина упаковки: 11 cm; высота упаковки: 30 cm; ширина упаковки: 7 cm; валюта: rub,"целевая аудитория: взрослая; назначение моющего, чистящего средства: для пола/ламината; бренд: grass; состав: ≥30% очищенная вода; <5%: неионогенные пав, амфотерные пав, соль эдта, воск, изопропанол, ароматизирующая добавка, краситель.; страна-изготовитель: россия; форма выпуска средства: концентрат; особенности применения: не требует смывания водой; аромат: лотос; тип: средство чистящее для пола; объем, мл: 1000; вес товара, г: 1200",0.94509053,0.9314183,-0.01607717041800638,171,171,False,0.0016215444,0.9,0,0,0.0,0.0,0.0,0.0,0.05
8590055455,455266685800,0.0,Строительство и ремонт,машина полировальная зубр зпм-240,зубр / полировальная машинка зпм-240,"бренд: зубр; цвет товара: красный; страна-изготовитель: китай; макс. диаметр диска, мм: 240; максимальная мощность, вт: 240; партномер: зпм-240; комплектация: машина полировальная 1 насадка для нанесения полироли 1 насадка полировальная 1 руководство по эксплуатации 1; ход шлифплатформы, мм: 3; тип питания: от сети; крепление шлифлиста: зажим; класс инструмента: бытовой; тип: полировальная машина; гарантия: 1 год; длина шнура питания, м: 3; макс. обороты, об./мин: 3200",модель: зпм-240; диаметр диска: 240 mm; мощность (вт): 140 w; максимальное число оборотов: 3200 об/мин; напряжение: 230 / 50; тип двигателя: электрический; доп. опции полировальной машины: специальное водоотталкивающее покрытие; две рукоятки для удобного и надежного удержания; питание: от сети; длина шнура: 300 cm; вес без упаковки (кг): 2.2 kg; цвет: красный; гарантийный срок: 5 лет; страна производства: китай; комплектация: машина полировальная; насадка для нанесения полироли; насадка полиров…,0.9442283,0.9878422,-0.01342281879194629,191,191,False,0.00010287762,0.6666666666666666,0,0,0.0,0.0,0.0,0.0,0.16666666666666666
180388733817,197568623954,0.0,Детские товары,"конструктор сити отпуск в доме на колесах, 10283",geniales / конструктор city - отпуск в доме на колесах,"артикул: 10283; бренд: нет бренда; цвет товара: разноцветный; особенности конструктора: сборная модель; страна-изготовитель: китай; совместим с lego: true; максимальный возраст ребенка: до 18 лет; минимальный возраст ребенка: от 5 лет; тип: конструктор пластиковый; количество элементов, шт: 218","количество элементов: 218 элементов; материал изделия: abs-пластик; особенности конструктора: подвижные детали; с фигурками; тренируемые навыки: внимательность; воображение; мелкая моторика; совместимость конструктора: с lego; цвет: белый, бежевый, синий; страна производства: китай; комплектация: конструктор; инструкция; длина упаковки: 28 cm; высота упаковки: 8 cm; ширина упаковки: 21 cm; валюта: rub",0.94387543,0.9153151,0.0748299319727892,127,127,False,0.008366168,0.6,0,0,0.0,0.0,0.0,0.0,0.047619047619047616
34359776967,695784762042,0.0,Детские товары,"retailoriginal store / электронная головоломка «авокадо», 13 игр","funny toys электронная головоломка ""авокадо"", 13 игр",валюта: rub,"возрастной диапазон: от 3 до 5 лет; бренд: funny toys; вид детской игры: развлекательные; цвет товара: желтый; страна-изготовитель: китай; материал: пластик; максимальный возраст ребенка: до 18 лет; минимальный возраст ребенка: от 5 лет; комплектация: электронная головоломка «авокадо», 13 игр - 1 штука.; пол ребенка: унисекс; тип: обучающая игра; количество элементов, шт: 1",0.9437534,0.8618897,0.18707482993197289,98,98,False,0.013315201,0.5555555555555556,0,0,0.0,0.0,0.0,0.0,0.0
601295455622,300647734948,0.0,Хобби и творчество,"шахматы магнитные, 19.5 х 19.5 см, чёрно-белые","без бренда шахматы магнитные, 19.5 х 19.5 см, чёрно-белые",бренд: нет бренда; вид выпуска товара: фабричное производство; тип: шахматы,тип: шахматы; материал фигур: пластик; особенности: магнитные; вес: 0.245 kg,0.9431748,0.9473517,-0.013559322033898313,68,68,False,0.033475637,0.8,0,0,0.0,0.0,0.0,0.0,0.16666666666666666
395137062010,833223797630,0.0,Ювелирные изделия,"кольцо из серебра р. 20 sokolov 94013648, фианит","sokolov, кольцо из серебра с фианитом, 94013648, 925 проба","артикул производителя: 94013648; бренд: sokolov; модель: 94013648; покрытие: родирование; материал изделия: серебро; тип: кольцо; проба: 925; пол: женский; вставка: фианит; размер: 20; средний вес изделия, г: 1.7; код товара: 100066812785","целевая аудитория: взрослая; артикул: 94013648_18; бренд: sokolov; коллекция: базовая коллекция; страна-изготовитель: россия; вставка: фианит; вес основных вставок, карат: 1.455; модель кольца: помолвочное; детские украшения: нет; проба: 925; комплектация: кольцо, бирка, пломба, подарочная упаковка; упаковка: подарочная упаковка; размер изделия: 18; пол: женский; тип: кольцо; гарантийный срок: гарантийный срок изделий составляет 6 (шесть) календарных месяцев для ювелирных изделий, 3 (три) года …",0.94284606,0.83123755,0.027568922305764465,225,225,False,0.021031737,0.4166666666666667,1,0,0.0,1.0,0.0,0.0,0.2608695652173913
395137140969,51539741432,0.0,Товары для животных,"пушистое счастье ошейник для собак и кошек с фастексом «неон», 30 х 1 см","ошейник для собак и кошек с фастексом ""неон"" , 30 х 1 см",цвет товара: микс; тип: ошейник; размер собаки: маленький; обхват шеи: 30 cm; особенности: универсальный; ширина ленты: 10 mm,бренд: нет бренда; предназначено для: для собак; тип: ошейник,0.9424475,0.9528632,-0.006269592476489061,81,81,False,0.028858185,0.8571428571428571,0,0,0.0,0.0,0.0,0.0,0.125
257698123733,42949770638,0.0,Хобби и творчество,"настольная игра ""в поисках деда мороза""",лас играс настольная игра «в поисках деда мороза»,бренд: лас играс kids; страна-изготовитель: россия; вид выпуска товара: фабричное производство; тип: настольная игра,"тип: настольная игра; возраст от: 3 лет; количество игроков: 4; время партии: 40 минут; тип игры: бродилка, семейная; тематика: животные и птицы; материал: картон",0.942153,0.92665106,-0.003389830508474523,75,75,False,0.011038721,0.75,0,0,0.0,0.0,0.0,0.0,0.1
300647794318,25769967304,0.0,Автотовары,"ajusa / прокладка, масляный поддон, 1630181405",ajusa прокладка картера mercedes 83 m601911 912 913 940 941 1997 ajusa арт. 14044200 арт. 14044200,артикул производителя: 14044200; марка автомобиля: daewoo; mercedes-benz; ssangyong; vw; комплектация: 1; длина упаковки: 30 cm; высота упаковки: 10 cm; ширина упаковки: 15 cm; валюта: rub,артикул: ajusa_14044200; бренд: ajusa; партномер (артикул производителя): 14044200; тип: прокладка двигателя; вид техники: легковые автомобили,0.9417173,0.95664084,0.0,115,115,False,0.060443997,0.125,0,0,0.0,0.0,0.0,1.0,0.09090909090909091
678604934790,103079313083,0.0,Продукты питания,zharcoffee / кофе в зернах бразилия серрадо 1кг,"кофе в зернах бразилия серрадо, 1кг",вид зерен: арабика; степень обжарки кофе: средняя ближе к темной; приготовление кофе: эспрессо; американо; капучино; интенсивность вкуса кофе: средний; страна производства: бразилия; вес товара без упаковки (г): 1000 g; форма выпуска напитка: зерновой; количество предметов в упаковке: 1 шт.; максимальная температура хранения: +25 °c; минимальная температура хранения: 0 °c; особенности продукта: без гмо; срок годности: 18 мес; вес товара с упаковкой (г): 1030 g; длина упаковки: 25 cm; высота упа…,"содержание арабики, %: 100; бренд: fornax coffee roasters; состав кофе: арабика; страна происхождения зерен кофе: бразилия; сорт кофе: бразилия серрадо; условия хранения: хранить в сухом темном месте в плотно закрытой упаковке. не хранить в помещении с сильными перепадами температур.; состав: 100% арабика; способ приготовления кофе: в чашке; страна-изготовитель: беларусь; особенности напитков, продуктов питания: натуральный продукт; упаковка: пакет с клапаном; единиц в одном товаре: 1; степень …",0.94050336,0.9562623,-0.012861736334405127,198,198,False,0.0058971047,0.875,0,0,0.0,0.0,0.0,0.0,0.058823529411764705
197568635413,687194833911,0.0,Хобби и творчество,"тм эврики / набор для опытов ""мой мини сад""","набор для опытов ""мой мини сад"", эврики",комплектация: набор - 1 шт; страна производства: китай; длина упаковки: 23 cm; высота упаковки: 23 cm; ширина упаковки: 9 cm; валюта: rub,возраст ребенка: от 6 лет; возрастные ограничения: от 6 лет; бренд: эврики; цвет товара: разноцветный; страна-изготовитель: китай; количество экспериментов в наборе: 1; минимальный возраст ребенка: от 6 лет; комплектация: набор - 1 штука.; наука: ботаника; вид исследований: выращивание растений; тематика: цветы и растения; тип: набор для опытов; развитие навыков: воображение,0.9401012,0.91452605,0.02033898305084747,103,103,False,0.014559627,0.875,0,0,0.0,0.0,0.0,0.0,0.06666666666666667
300647786215,85899435877,0.0,Бытовая химия,средство для чистки плит sanita спрей антижир 500г для стеклокерамики,санита / средство для чистки плит sanita спрей антижир 500г для стекл,"назначение моющего, чистящего средства: для ухода за плитой и свч; артикул: 1400026023; бренд: sanita; состав: >5%, но <15% растворитель, <5% нпав, <5% апав, <5%: d-лимонен, соль эдта, ароматизирующий компонент.; страна-изготовитель: россия; форма выпуска средства: жидкость; особенности применения: эффективен в холодной воде; количество в упаковке, шт: 1; аромат: без отдушки; тип: средство для кухни; объем, мл: 500",страна производства: россия; вес товара с упаковкой (г): 1000 g; длина упаковки: 10 cm; высота упаковки: 29 cm; ширина упаковки: 5 cm; валюта: rub,0.9397969,0.90963775,0.006430868167202619,144,144,False,0.0726645,0.75,0,0,0.0,0.0,0.0,0.0,0.0625
816043862420,438086739735,0.0,Строительство и ремонт,выключатель дифференциального тока (узо) 4п 32а 30ма тип ac 6ка узо-03 dekraft 14234dek,dekraft узо 4p 32а 30ма ac,номинальный ток: 32 а; количество полюсов: 4; ток утечки: 30 ма; номинальное напряжение: 400; количество модулей: 4; принцип работы: электромеханический; тип: ас; класс защиты: ip20,"бренд: dekraft; цвет товара: зеленый; страна-изготовитель: китай; партномер: 14234dek; количество модулей: 4; количество полюсов: 4; комплектация: узо - 1 шт.; количество фаз: трехфазный; ток утечки, ма: 30; единиц в одном товаре: 1; принцип действия узо: электромеханическое; номинальное напряжение, в: 400; тип: узо; тип расцепления: ac; гарантия: 3 года; номинальный ток, а: 32",0.939311,0.8709317,0.01342281879194629,112,112,False,0.047004282,0.35714285714285715,0,0,0.0,0.0,0.0,1.0,0.1
523986058624,549755876085,0.0,Детские товары,imtun / игрушка йо-йо трюковой металлический с подшипниками,игрушка йо-йо трюковой металлический с подшипниками,цвет: зеленый; материал изделия: металл; комплектация: 1 шт; страна производства: китай; валюта: rub,бренд: нет бренда; цвет товара: зеленый; страна-изготовитель: китай; материал: металл; максимальный возраст ребенка: до 18 лет; минимальный возраст ребенка: от 3 лет; пол ребенка: унисекс; тип: йо-йо,0.9388206,0.93118954,0.020408163265306145,80,80,False,0.0069482327,0.8571428571428571,0,0,0.0,0.0,0.0,0.0,0.3
34359755724,326417572836,0.0,Детские товары,"мягкая игрушка ""зайка в сарафане"", 16 см","ukiyo star / мягкая игрушка ""зайка в сарафане"". 16 см","бренд: нет бренда; цвет товара: розовый; страна-изготовитель: китай; дополнительные функции: без эффектов; высота игрушки, см: 16; материал: пластик; минимальный возраст ребенка: 0 месяцев; персонаж: заяц; пол ребенка: унисекс; вид мягкой игрушки: заяц; тип: мягкая игрушка","комплектация: мягкая игрушка ""зайка в сарафане"". 16 cm. 1 шт; валюта: rub",0.9382927,0.9416199,-0.010204081632653073,97,97,False,0.0007915497,0.7777777777777778,0,0,0.0,0.0,0.0,0.0,0.0
146028919869,489626312889,0.0,Строительство и ремонт,сварог / сварочный полуавтомат real mig 200 (n24002n),сварочный инвертор сварог mig 200 real n24002n + редуктор + проволока 5 кг,модель: real mig 200 (n24002n); материал корпуса: металл и пластик; валюта: rub,"бренд: сварог; цвет товара: оранжевый; страна-изготовитель: китай; инверторная технология: да; напряжение холостого хода, в: 52; комплектация: инверторный сварочный аппарат - 1 шт.горелка uc1500-30er в сборе, 3 м - 1 шт.клемма заземления в сборе 200 а, 3 м - 1 шт.электрододержатель в сборе 200 а, 2 м - 1 шт.комплект зип - 1 шт.руководство по эксплуатации - 1 шт.паспорт - 1 шт.редуктор- 1 шт.проволока 0.8 mm 5 kg - 1 шт.; тип: сварочный аппарат; вес с упаковкой, г: 25000; тип сварочного аппарата…",0.9369424,0.89949346,-0.003355704697986628,212,212,False,0.022616267,0.5,0,0,0.0,0.0,0.0,0.0,0.0
386547139154,146028980480,0.0,Красота и гигиена,"дезодорант axe anarchy, 150 мл",axe / дезодорант спрей anarchy 150 мл 1 шт,"бренд: axe; состав: isobutane, alcohol denat, propane, butane, parfum, alpha-isomethyl lonone, benzil benzoate, butylpheenyl methylpropional, citran, coumarin, limonene, linalool.; страна-изготовитель: россия; вид дезодоранта: спрей; особенности состава: подходит для ежедневного применения; упаковка: туба; единиц в одном товаре: 1; название аромата: свежесть; пол: мужской; время работы дезодоранта: 48 часов; тип: дезодорант; объем, мл: 150",состав: кожа; объем товара: 150 ml; вес товара без упаковки (г): 130 g; тип дезодоранта: аэрозоль; срок годности: 30 мес; страна производства: россия; комплектация: 1 шт; валюта: rub,0.93673176,0.9191703,0.0,142,142,False,0.015095949,0.625,0,0,0.0,0.0,0.0,0.0,0.05263157894736842
730144553286,764504237717,0.0,Детские товары,"no name парковка «городские службы» с машинкой и рацией, световые и звуковые эффекты, микс","парковка городские службы с машинкой и рацией, световые и звуковые эффекты, микс","вид: городские службы; минимальный возраст: от 3 лет; количество уровней: 8; особенности: машинки в комплекте; эффекты: звук, свет; габариты транспортной упаковки: 25х37х20 см; вес в транспортной упаковке: 1.288 kg",бренд: нет бренда; максимальный возраст ребенка: 2 месяца; минимальный возраст ребенка: 0 месяцев; пол ребенка: девочка; тип: парковка,0.9363065,0.91775525,0.05102040816326536,98,98,False,0.05088687,0.8461538461538461,0,0,0.0,0.0,0.0,0.0,0.0
841813729969,584115616085,0.0,Продукты питания,"pearl river bridge китайский устричный соус pearl river bridge, 510 г","соус pearl river bridge устричный, высшей категории, 510 г","бренд: pearl river bridge; тип продукта: соус; вид соуса: устричный; назначение: для морепродуктов; вес, в граммах: 510; объем, в миллилитрах: 510; вид упаковки: пластиковая упаковка; состав: вода 51%, сахар 20%, соль 12%, устричный экстракт (устрицы, вода, соль) 10%, загуститель модифицированный кукурузный крахмал 5%, усилитель вкуса и аромата глутамат натрия, пищевой краситель сахарный колер (i), консервант сорбат калия; национальная кухня: универсальная; энергетическая ценность (ккал на 100 …","бренд: pearl river bridge; условия хранения: хранить при температуре 0c до +30c. после вскрытия хранить в холодильнике, употребить в течение 1 месяца.; состав: устричный экстракт (устрицы, вода, соль) 45%, сахар 24%, вода 22,01%, загуститель модифицированный кукурузный крахмал 4%, соль 3%, усилитель вкуса и аромата глутамат натрия, краситель сахарный колер (i), консервант сорбат калия.; консистенция соуса: жидкая; страна-изготовитель: китай; назначение масла/соуса: для азиатских блюд; упаковка:…",0.9357102,0.9431934,-0.009646302250803873,256,256,True,0.02177304,0.7,0,0,0.0,0.0,0.0,0.0,0.2222222222222222
317827703311,180388638393,0.0,Бытовая химия,"аэрозоль от клещей и комаров, 100 мл","gardex / аэрозоль от клещей и комаров, 100м",бренд: нет бренда; страна-изготовитель: россия; вид вредителя: комар; тип: средство от насекомых,тип ловушки: аэрозоль; комплектация: защита от насекомых; валюта: rub,0.9354681,0.9241468,-0.022508038585209,61,61,False,0.005538404,0.5555555555555556,0,0,0.0,0.0,0.0,0.0,0.0
455266551090,171798791469,0.0,Канцелярские товары,"рюкзак школьный с эргономической спинкой, 37х26х15 см, человек-паук",рюкзак marvel школьный с эргономической спинкой 37х26х15 см человек-паук,бренд: marvel; цвет товара: разноцветный; страна-изготовитель: китай; пол ребенка: унисекс; тип: ранец школьный,"тип рюкзака/аксессуара: рюкзак; число отделений: 2; дно: текстильное; нагрудный ремень: нет; поясной ремень: нет; светоотражатели: нет; возрастная группа: дошкольники (3-6); длина, см: 15; ширина, см: 26; высота, см: 37; длина упаковки, см: 37; ширина упаковки, см: 26; высота упаковки, см: 4; вес упаковки, кг: 0.48; страна производства: китай",0.9351777,0.9578939,-0.0035460992907802025,105,105,False,0.009691834,0.9,0,0,0.0,0.0,0.0,0.0,0.06666666666666667
695784761280,730144485327,0.0,Товары для животных,pro plan athletic adult large корм с ягнёнком для собак крупных пород 3 кг,"pro plan / корм pro plan для собак,ягненок 3 кг","возраст животного: для взрослых; размер животного: крупный; артикул: ка-00062857; бренд: pro plan; состав: ягненок (19%), кукуруза, сухой белок птицы, рис (8%), животный жир, кукурузная крупа, сухая мякоть свеклы, продукты переработки растительного сырья, кукурузный глютен, вкусоароматическая кормовая добавка, яичный порошок, минеральные вещества, рыбий жир, бентонит, витамины, аминокислоты, антиоксиданты (токоферолы природного происхождения).; страна-изготовитель: россия; класс корма: супер-пр…",вес товара без упаковки (г): 3000 g; назначение корма: повседневный; вид вкуса корма: ягненок; основной вкус корма: мясо; вид животного: собака; порода собаки: любая порода; размер животного: крупный; возраст животного: взрослые; класс корма: супер-премиум; срок годности: 548; страна производства: россия; комплектация: мешок сухого корма 1 шт; длина упаковки: 13 cm; высота упаковки: 23 cm; ширина упаковки: 27 cm; валюта: rub,0.9351554,0.8843089,0.031347962382445194,256,256,True,0.042957664,0.4666666666666667,0,0,0.0,0.0,0.0,0.0,0.2222222222222222
103079369656,214748387929,0.0,Детские товары,"мягкая игрушка ""мишка лаппи"", 23 см","без бренда мягкая игрушка ""мишка лаппи"", 23 см",бренд: нет бренда; минимальный возраст ребенка: 0 месяцев; пол ребенка: унисекс; тип: мягкая игрушка,высота/длина: 23 cm; тип: мягкая игрушка; минимальный возраст: 3 лет; линейка: детская; габариты транспортной упаковки: 18х26х18 см; вес в транспортной упаковке: 0.335 kg,0.934793,0.92968524,0.013605442176870763,78,78,False,0.055619597,0.75,0,0,0.0,0.0,0.0,0.0,0.1111111111111111
695784825007,266288003901,0.0,Детские товары,"пупс функциональный милая малышка пьет, писает, с аксессуа","пупс функциональный ""милая малышка"" пьет, писает, с аксессуарами / 7015873",комплектация: 1 шт; страна производства: китай; длина упаковки: 24 cm; высота упаковки: 38 cm; ширина упаковки: 12 cm; валюта: rub,"бренд: нет бренда; страна-изготовитель: китай; особенности куклы: пьет; высота игрушки, см: 42; материал: пластик; максимальный возраст ребенка: до 6 лет; минимальный возраст ребенка: от 3 лет; пол ребенка: девочка; тип: пупс",0.9344332,0.9413605,-0.020408163265306145,97,97,False,0.031030834,0.7,0,0,0.0,0.0,0.0,0.0,0.07142857142857142
446676699087,438086728483,0.0,Детские товары,"noname конструктор магнитный «дино», 7 деталей","конструктор магнитный ""дино"", 7 деталей","количество деталей: 7 шт.; тип конструктора: магнитный; материал: пластик; рекомендуемый возраст: от 3 лет; особенности: светящийся; питание: от батареек; дополнительная информация: светящаяся; срок службы: 12 мес., использовать при температуре не ниже -10 градусов","бренд: нет бренда; тематика конструкторов: животные; особенности конструктора: магнитный; страна-изготовитель: китай; материал: пластик; максимальный возраст ребенка: до 16 лет; минимальный возраст ребенка: от 3 лет; пол ребенка: унисекс; срок годности в днях: 365; размер упаковки (длина х ширина х высота), см: 17x10x10; тип: конструктор магнитный; гарантийный срок: 365; количество элементов, шт: 7",0.9333444,0.9457199,-0.05102040816326525,116,116,False,0.0070414543,0.8333333333333334,0,0,0.0,0.0,0.0,0.0,0.17647058823529413
721554586040,51539621380,0.0,Детские товары,набор игрушечных инструментов играем вместе синий трактор 11 предметов,набор инструментов играем вместе синий трактор 11предметов 346549,"бренд: играем вместе; вид: набор инструментов; возрастное ограничение: 3+; электропитание: нет; материал: пластик; тематика: детская мастерская; пол ребенка: для мальчиков; цвет: серый; синий; количество предметов: 10; упаковка: блистер; высота упаковки, в сантиметрах: 2; длина, в сантиметрах: 40; ширина упаковки, в сантиметрах: 31; длина упаковки, в сантиметрах: 31.5; вес, в килограммах: 0.2; код товара: 100063222765",бренд: нет бренда; максимальный возраст ребенка: до 6 лет; минимальный возраст ребенка: от 3 лет; пол ребенка: унисекс; тип: игрушка-подвеска,0.9328672,0.9515505,-0.0714285714285714,108,108,False,0.008916855,0.5454545454545454,0,0,0.0,0.0,0.0,1.0,0.0
721554569336,712964573607,0.0,Детские товары,"конструктор обучающий ""забавные пазлы""","kangaeru / конструктор обучающий ""забавные пазлы""",бренд: нет бренда; страна-изготовитель: китай; максимальный возраст ребенка: до 9 лет; минимальный возраст ребенка: 1 месяц; комплектация: см. на упаковке; пол ребенка: унисекс; тип: кубики,"комплектация: конструктор обучающий ""забавные пазлы"". 1 шт; страна производства: китай; валюта: rub",0.93273276,0.93999153,-0.027210884353741527,77,77,False,0.036272883,0.8,0,0,0.0,0.0,0.0,0.0,0.1111111111111111
446676643132,163208789719,0.0,Автотовары,optimcom optim cb t3-27,автомобильная антенна optim cb t3-27 mag,"тип: автомобильные антенны; мощность передатчика: 20 w; гарантийный срок: 6 мес., гарантия на комплектующие и аксессуары - 14 дней","длина антенны, см: 62; бренд: optimcom; длина кабеля, м: 4; страна-изготовитель: китай; комплектация: антенна optim cb t3-27; кабель rg-58 4 м; магнитное основание; крепежный винт с гайкой; руководство пользователя.; диапазоны радио: cb; тип: антенна автомобильная",0.93254226,0.9272071,0.006329113924050667,107,107,False,0.0468781,0.5,0,0,0.0,0.0,0.0,0.0,0.0
652835052039,601295505200,0.0,Спорт и отдых,"прикормка ""уловистая"", универсальная, шоколад, 800г","allvega прикормка ""уловистая"", универсальная, шоколад, 800 г","бренд: lisik.; страна-изготовитель: россия; тип: аксессуары, оснастка для рыбалки","аромат: шоколад; масса: 800 g; тип: прикормка; вид рыбы: на карася, на карпа (сазана)",0.9322846,0.95315504,-0.010000000000000009,82,82,False,0.020444453,0.8571428571428571,0,0,0.0,0.0,0.0,0.0,0.0
506806263064,180388671671,0.0,Продукты питания,"жевательная резинка dirol x-fresh свежесть черники и цитруса без сахара со вкусом черники и цитрусовых фруктов 16г, россия, 1 шт в заказе!",жевательная резинка dirol x-fresh свежесть черники и цитруса без сахара 16 г,"бренд: нет бренда; условия хранения: хранить в сухом, прохладном месте; состав: подсластители (ксилит, изомальт, сорбит. е 965, аспартам, е 950), резиновая основа, ароматизаторы, регуляторы кислотности (е 296, е 330), стабилизатор (е 414), эмульгатор (е 322), красители (антоцианы, синий блестящий fcf), влагоудерживающий агент (е 1518).; единиц в одном товаре: 16; максимальная температура: 24; минимальная температура: 17; срок годности в днях: 549; тип: жевательная резинка","тип продукта: жевательная резинка; вкус: черника, цитрус; вес: 16.0 g; количество в упаковке: 1 шт; вид упаковки: блистер; состав: подсластители (ксилит, изомальт, мальтитный сироп, аспартам, ацесульфам калия), резиновая основа, ароматизаторы, регуляторы кислотности (е296, е330), стабилизатор (е414), эмульгатор (лецитин подсолнечный), красители (е163, е133), влагоудерживающий агент (е1518).; белки: 0.3 g; жиры: 1.2 g; углеводы: 63.0 g; калорийность: 187.0 ккал; условия хранения: при температуре…",0.93210316,0.8934203,0.05144694533762062,256,256,True,0.03531903,0.5909090909090909,0,0,0.0,0.0,0.0,0.0,0.043478260869565216
627065317220,197568561572,0.0,Бытовая химия,"grass / очиститель после ремонта cement remover, 1 л",средство для очистки после ремонта cement remover grass 1л,объем (л): 1 l; эффект средства: удаление грязи; удаление пятен; назначение средства: очищение поверхностей; страна производства: россия; вес товара с упаковкой (г): 1100 g; комплектация: 1 шт; длина упаковки: 12 cm; высота упаковки: 11 cm; ширина упаковки: 12 cm; валюта: rub,"артикул: 125441; бренд: grass; состав: состав: ≥30% вода очищенная; ≥15, но <30% смесь органических и неорганических кислот, в т.ч. соляная кислота; ≥5%, но <15% ингибитор коррозии.; форма выпуска средства: концентрат; количество в упаковке, шт.: 1; единиц в одном товаре: 1; тип: специальное чистящее средство; объем, мл: 1000",0.93190295,0.8977142,0.019292604501607746,142,142,False,0.013346076,0.6363636363636364,0,0,0.0,0.0,0.0,0.0,0.0
618475442609,180388686859,0.0,Ювелирные изделия,"кольцо из серебра р. 18,5 sokolov 94014135, корунд искусственный/фианит","sokolov, кольцо из серебра с корундом и фианитами, 94014135, 925 проба","бренд: sokolov; артикул производителя: 94014135; модель: 94014135; тип: кольцо; вид: классическое; пол: женский; материал изделия: серебро; проба: 925; вставка: корунд искусственный; фианит; количество карат: 0; размер: 18,5; средний вес изделия, г: 1.81; цвет материала: серебристый; цвет вставки: разноцветный; форма вставки: овал; капля; тип огранки: овал; груша; покрытие: родирование; особенности дизайна: без особенностей; изображение/надпись: нет; страна-производитель: россия; коллекция: tre…","целевая аудитория: взрослая; артикул: 94014135_17,5; бренд: sokolov; коллекция: базовая коллекция; страна-изготовитель: россия; вставка: корунд синтетический; вес основных вставок, карат: 1.796; о главном камне украшения: корунд синтетический часто выступает как аналог сапфира и/или рубина. цена на ювелирные изделия с натуральными сапфирами и рубинами довольно высока, но благодаря производству синтетических камней украшения с роскошными самоцветами стали доступнее и радуют своих обладательниц к…",0.93176204,0.8535582,0.012531328320801949,256,256,True,0.002607584,0.29411764705882354,1,0,0.0,1.0,0.0,0.0,0.21875
140635,283467967999,0.0,Детские товары,"no name мягкая игрушка «авокадо», заяц, 25 см","мягкая игрушка авокадо, заяц, 25 см",высота/длина: 25 cm; тип: мягкая игрушка; габариты транспортной упаковки: 20х25х10 см; вес в транспортной упаковке: 0.265 kg,"бренд: нет бренда; страна-изготовитель: китай; дополнительные функции: без эффектов; высота игрушки, см: 25; материал: полиэстер; минимальный возраст ребенка: от 3 лет; пол ребенка: унисекс; вид мягкой игрушки: традиционные; тип: мягкая игрушка",0.93121016,0.9327395,-0.013605442176870763,90,90,False,0.012230933,0.75,0,0,0.0,0.0,0.0,0.0,0.08333333333333333
635655188643,369367247392,0.0,Продукты питания,"chaokoh / кокосовое молоко, 250 мл","chaokoh кокосовое молоко, 250мл",состав: смотреть в описании; вид молока: кокосовое; срок годности: 540 дней; способ обработки молока: пастеризованное; жирность: 99; количество предметов в упаковке: 1 шт.; страна производства: таиланд; пищевая ценность жиры: 16 g/100 g; энергетическая ценность калории (на 100 g.): 183 ккал; пищевая ценность углеводы: 2 g/100 g; пищевая ценность белки: 1 g/100 g; максимальная температура хранения: 4; минимальная температура хранения: 30; особенности продукта: вегетарианский продукт; комплектаци…,"бренд: chaokoh; условия хранения: условия хранения: хранить при температуре +2°c до +30°c. перед употреблением взболтать.; состав: кокосовое молоко 99,7% (кокосовая мякоть 70%, вода 29,9%, эмульгатор е435 0,01%).; страна-изготовитель: таиланд; не содержит: без гмо; упаковка: пакет; единиц в одном товаре: 1; максимальная температура: 30; минимальная температура: 2; срок годности в днях: 540; вкус: кокос; тип: кокосовое молоко консервированное; вид растительного молока: кокосовое; вес товара, г: …",0.93104315,0.9567006,-0.032154340836012874,188,188,False,0.020792007,1.0,0,0,0.0,0.0,0.0,0.0,0.0967741935483871
695784782934,661425068407,0.0,Детские товары,"без бренда машина радиоуправляемая «хот-род», эффект дыма, свет и звук, работает от аккумулятора, цвет зелёный","машина радиоуправляемая ""хот-род"", эффект дыма, свет и звук, работает от аккумулятора, цвет зелёный",цвет товара: зеленый; функции: ходит/ездит; особенности: пульт ду в комплекте; управление: радиоуправление; питание: от аккумулятора; минимальный возраст: от 3 лет,"типоразмер батареек: aa; количество батареек: 2; бренд: noname; вид транспорта: масштабные модели; цвет товара: зеленый; страна-изготовитель: китай; особенности радиоуправляемых игрушек: звуковые эффекты; максимальный возраст ребенка: до 18 лет; минимальный возраст ребенка: от 3 лет; питание радиоуправляемой модели: встроенный аккумулятор; радиус действия, м: 30; питание пульта: сменная батарея; управление радиоуправляемой моделью: пульт д/у; пол ребенка: мальчик; максимальная скорость, км/ч: 1…",0.93082297,0.94208115,-0.04421768707482998,151,151,False,0.019497633,0.875,0,0,0.0,0.0,0.0,0.0,0.09523809523809523
798863966085,120259108342,0.0,Продукты питания,"koska / турецкие сладости / рахат лукум с розой, 250 г",koska рахат-лукум со вкусом розы 250г,состав: вода; лимонная кислота; крахмал кукурузный; сахар; антоцианин; натуральный ароматизатор; вид рахат-лукума: фруктовый; вес товара без упаковки (г): 250 g; срок годности: 12 месяцев; страна производства: турция; особенности продукта: без гмо; без красителей; халяль; пищевая ценность углеводы: 93 g/100 g; пищевая ценность жиры: 1 g/100 g; пищевая ценность белки: 1 g/100 g; энергетическая ценность калории (на 100 g.): 373 ккал; вес товара с упаковкой (г): 270 g; минимальная температура хран…,"бренд: koska; условия хранения: в сухом прохладном месте; состав: вода, лимонная кислота, сахар, антоцианы, натуральный ароматизатор роза, кукурузный крахмал; содержит: сахар; страна-изготовитель: турция; не содержит: без гмо; упаковка: картонная коробка; единиц в одном товаре: 1; максимальная температура: 25; минимальная температура: 0; срок годности в днях: 365; тип: рахат-лукум; вес товара, г: 250",0.9305059,0.9096799,0.01607717041800638,217,217,False,0.046058953,0.4166666666666667,0,0,0.0,0.0,0.0,0.0,0.034482758620689655
