category,attribute,synthetic_pairs,iid_ap_delta,hard_ap_delta
Автотовары,бренд,535,-0.002431274323610677,-0.00036386125813139825
Автотовары,"высота профиля, %",14,-0.002431274323610677,-0.00036386125813139825
Автотовары,"диаметр, дюймы",5,-0.002431274323610677,-0.00036386125813139825
Автотовары,индекс нагрузки,105,-0.002431274323610677,-0.00036386125813139825
Автотовары,материал,196,-0.002431274323610677,-0.00036386125813139825
Автотовары,место установки,1,-0.002431274323610677,-0.00036386125813139825
Автотовары,расположение сиденья,40,-0.002431274323610677,-0.00036386125813139825
Автотовары,форма выпуска,2,-0.002431274323610677,-0.00036386125813139825
Автотовары,"ширина профиля, мм",5,-0.002431274323610677,-0.00036386125813139825
Аптека,бренд,69,-0.0013892861099353837,-0.021092473251609345
Аптека,количество в упаковке,6,-0.0013892861099353837,-0.021092473251609345
Аптека,оптическая сила,25,-0.0013892861099353837,-0.021092473251609345
Аптека,радиус кривизны,65,-0.0013892861099353837,-0.021092473251609345
Аптека,размер,5,-0.0013892861099353837,-0.021092473251609345
Галантерея и аксессуары,вставка,23,-0.015342048683174014,-0.0008909227895106397
Галантерея и аксессуары,материал оправы,3,-0.015342048683174014,-0.0008909227895106397
Галантерея и аксессуары,пол,191,-0.015342048683174014,-0.0008909227895106397
Галантерея и аксессуары,размер чемодана,2,-0.015342048683174014,-0.0008909227895106397
Галантерея и аксессуары,форма,18,-0.015342048683174014,-0.0008909227895106397
Галантерея и аксессуары,цвет оправы,2,-0.015342048683174014,-0.0008909227895106397
Галантерея и аксессуары,цвет товара,223,-0.015342048683174014,-0.0008909227895106397
Детские товары,марка автомобиля,9,-0.0030076896040939216,0.004728208645909504
Дом и сад,аромат,5,-0.0007098160161145284,0.012199242736659177
Дом и сад,"длина, см",12,-0.0007098160161145284,0.012199242736659177
Дом и сад,оформление,4,-0.0007098160161145284,0.012199242736659177
Дом и сад,размер пододеяльника,3,-0.0007098160161145284,0.012199242736659177
Дом и сад,размер простыни,2,-0.0007098160161145284,0.012199242736659177
Дом и сад,цвет товара,375,-0.0007098160161145284,0.012199242736659177
Канцелярские товары,вид ручки,32,-0.0013097838231448389,0.028882845434224758
Канцелярские товары,цвет чернил,35,-0.0013097838231448389,0.028882845434224758
Красота и гигиена,изгиб ресниц,23,-0.00233676666401772,0.001352301466067296
Красота и гигиена,особенность оттенка,7,-0.00233676666401772,0.001352301466067296
Красота и гигиена,цвет товара,59,-0.00233676666401772,0.001352301466067296
Мебель,бренд,234,-0.02508711196278035,0.0048180118561915175
Мебель,"глубина сиденья, см",41,-0.02508711196278035,0.0048180118561915175
Мебель,"длина спального места, см",6,-0.02508711196278035,0.0048180118561915175
Мебель,"длина, см",2,-0.02508711196278035,0.0048180118561915175
Мебель,количество полок,33,-0.02508711196278035,0.0048180118561915175
Мебель,материал столешницы,77,-0.02508711196278035,0.0048180118561915175
Мебель,материал фасада,159,-0.02508711196278035,0.0048180118561915175
Мебель,размер кресла-мешка,1,-0.02508711196278035,0.0048180118561915175
Мебель,раковина в комплекте,36,-0.02508711196278035,0.0048180118561915175
Мебель,форма раковины,7,-0.02508711196278035,0.0048180118561915175
Мебель,цвет товара,303,-0.02508711196278035,0.0048180118561915175
Мебель,"ширина спального места, см",8,-0.02508711196278035,0.0048180118561915175
Мебель,"ширина, см",83,-0.02508711196278035,0.0048180118561915175
Музыкальные инструменты,бренд,327,-0.005000678484568866,0.005041194618720823
Музыкальные инструменты,крепление грифа,19,-0.005000678484568866,0.005041194618720823
Музыкальные инструменты,материал грифа,90,-0.005000678484568866,0.005041194618720823
Музыкальные инструменты,материал обечайки,21,-0.005000678484568866,0.005041194618720823
Музыкальные инструменты,тип бриджа,24,-0.005000678484568866,0.005041194618720823
Музыкальные инструменты,тональность,10,-0.005000678484568866,0.005041194618720823
Музыкальные инструменты,форма гитары,5,-0.005000678484568866,0.005041194618720823
Музыкальные инструменты,"ширина грифа, мм",4,-0.005000678484568866,0.005041194618720823
Обувь,вид застежки,90,-0.03207682161412373,0.017111821593528642
Обувь,вид каблука,4,-0.03207682161412373,0.017111821593528642
Обувь,"высота каблука, см",14,-0.03207682161412373,0.017111821593528642
Обувь,"длина стопы, см",2,-0.03207682161412373,0.017111821593528642
Обувь,материал подошвы обуви,19,-0.03207682161412373,0.017111821593528642
Обувь,пол,315,-0.03207682161412373,0.017111821593528642
Обувь,полнота,13,-0.03207682161412373,0.017111821593528642
Обувь,российский размер,22,-0.03207682161412373,0.017111821593528642
Обувь,цвет товара,296,-0.03207682161412373,0.017111821593528642
Продукты питания,вид лапши,10,-0.013333860656677077,-0.02001800459316916
Продукты питания,вид муки,23,-0.013333860656677077,-0.02001800459316916
Продукты питания,вид пюре,3,-0.013333860656677077,-0.02001800459316916
Продукты питания,вид чая,169,-0.013333860656677077,-0.02001800459316916
Продукты питания,вид шоколада,78,-0.013333860656677077,-0.02001800459316916
Продукты питания,степень обжарки,72,-0.013333860656677077,-0.02001800459316916
Спорт и отдых,"вес, г",31,-0.007361753159624729,0.007915983457286502
Спорт и отдых,возрастная группа,4,-0.007361753159624729,0.007915983457286502
Спорт и отдых,количество колес,30,-0.007361753159624729,0.007915983457286502
Спорт и отдых,плавучесть,19,-0.007361753159624729,0.007915983457286502
Спорт и отдых,размер шпули,9,-0.007361753159624729,0.007915983457286502
Спорт и отдых,"разрывная нагрузка, кг",3,-0.007361753159624729,0.007915983457286502
Спорт и отдых,"ход вилки, мм",4,-0.007361753159624729,0.007915983457286502
Спорт и отдых,цвет товара,209,-0.007361753159624729,0.007915983457286502
Строительство и ремонт,бренд,254,-0.011374965747901755,0.013529211486758508
Строительство и ремонт,головка,2,-0.011374965747901755,0.013529211486758508
Строительство и ремонт,диаметр резьбы,1,-0.011374965747901755,0.013529211486758508
Строительство и ремонт,"длина, мм",20,-0.011374965747901755,0.013529211486758508
Строительство и ремонт,количество полюсов,18,-0.011374965747901755,0.013529211486758508
Строительство и ремонт,марка стали,3,-0.011374965747901755,0.013529211486758508
Строительство и ремонт,материал,49,-0.011374965747901755,0.013529211486758508
Строительство и ремонт,тип расцепления,5,-0.011374965747901755,0.013529211486758508
Строительство и ремонт,управление,27,-0.011374965747901755,0.013529211486758508
Строительство и ремонт,"ширина, мм",28,-0.011374965747901755,0.013529211486758508
Строительство и ремонт,шлиц,2,-0.011374965747901755,0.013529211486758508
Товары для животных,вид ошейника,7,4.2575234332264955e-05,0.001635512820271412
Товары для животных,основной ингредиент,75,4.2575234332264955e-05,0.001635512820271412
Товары для животных,цвет товара,160,4.2575234332264955e-05,0.001635512820271412
Хобби и творчество,"длина, см",11,-0.0006591393771445686,0.0016651488125014602
Хобби и творчество,цвет товара,201,-0.0006591393771445686,0.0016651488125014602
Электроника,бренд,210,-0.006288128745915111,0.001495550329108919
Электроника,видеокарта,1,-0.006288128745915111,0.001495550329108919
Электроника,встроенная память,12,-0.006288128745915111,0.001495550329108919
Электроника,количество модулей в комплекте,2,-0.006288128745915111,0.001495550329108919
Электроника,модель процессора,3,-0.006288128745915111,0.001495550329108919
Электроника,оперативная память,11,-0.006288128745915111,0.001495550329108919
Электроника,покрытие,1,-0.006288128745915111,0.001495550329108919
Электроника,процессор,2,-0.006288128745915111,0.001495550329108919
Электроника,разрешение экрана,105,-0.006288128745915111,0.001495550329108919
Электроника,стандарт крепления vesa,2,-0.006288128745915111,0.001495550329108919
Электроника,тип,157,-0.006288128745915111,0.001495550329108919
Электроника,тип видеокарты,12,-0.006288128745915111,0.001495550329108919
Электроника,тип клавиатуры,14,-0.006288128745915111,0.001495550329108919
Ювелирные изделия,бренд,419,-0.05771675630856943,0.001174990543752863
Ювелирные изделия,вид замка,66,-0.05771675630856943,0.001174990543752863
Ювелирные изделия,вид плетения цепочки,15,-0.05771675630856943,0.001174990543752863
Ювелирные изделия,вставка,797,-0.05771675630856943,0.001174990543752863
Ювелирные изделия,покрытие,6,-0.05771675630856943,0.001174990543752863
Ювелирные изделия,цвет товара,1,-0.05771675630856943,0.001174990543752863
