specialist,slice_type,slice_value,iid_n,iid_macro_ap_delta,iid_logloss_gain,iid_mae_gain,iid_binary_net_correction_rate,hard_n,hard_macro_ap_delta,hard_logloss_gain,hard_mae_gain,hard_binary_net_correction_rate,ood_n,ood_macro_ap_delta,ood_logloss_gain,ood_mae_gain,ood_binary_net_correction_rate,iid_better,hard_better,ood_better,stable_iid_hard,stable_all_three,production_candidate,min_iid_hard_logloss_gain
minilm,numeric_volume_state,match,984.0,0.0026948453983260956,0.006843105107727877,0.004250549449234239,0.008130081300813009,452.0,0.023283442990019054,0.007595604980580386,0.003653073377919639,0.011061946902654867,2745.0,-0.0009866256922136385,-0.007823893617630372,-0.00783180820438434,-0.0025500910746812386,True,True,False,True,False,True,0.006843105107727877
rumodernbert,numeric_ram_storage_state,conflict,41.0,0.0,0.05513933757702175,0.011114616849049415,0.024390243902439025,,,,,,,,,,,False,False,False,False,False,False,0.05513933757702175
rumodernbert,label,1,3118.0,,0.038629290671863825,-0.012782641479318676,0.0012828736369467607,1481.0,,0.1358670261833849,-0.01143016041520446,-0.018906144496961513,9155.0,,0.12505570594923582,0.003973854830588256,0.004696886947023485,False,False,True,False,False,False,0.038629290671863825
minilm,numeric_ram_storage_state,conflict,41.0,-0.25,0.036277053981110606,0.013853377420717862,0.024390243902439025,,,,,,,,,,,False,False,False,False,False,False,0.036277053981110606
rumodernbert,category,Спорт и отдых,624.0,0.013171792099133106,0.03156803532253104,-0.01034606445113567,0.004807692307692308,300.0,-0.01218267000083828,0.08512103936316896,-0.016773891748550037,-0.016666666666666666,,,,,,False,False,False,False,False,False,0.03156803532253104
minilm,numeric_power_state,one_missing,268.0,-0.0224362507451632,0.020503616952422588,0.004149811930679491,0.026119402985074626,108.0,0.06473803658655403,0.07417163396698515,0.03851834993191813,0.05555555555555555,4946.0,0.24335955299445444,-0.015769586169270582,-0.007813384335582636,-0.005458956732713303,False,True,False,False,False,False,0.020503616952422588
minilm,numeric_power_state,match,259.0,0.023127433493023708,0.018043028542685732,0.005004327422305474,0.0,151.0,-0.013417701854323394,0.039921301530006406,0.0043497588956248265,0.006622516556291391,4365.0,-0.0034379930544625736,-0.01390851184637063,-0.008975536116470346,-0.0013745704467353953,True,False,False,False,False,False,0.018043028542685732
rumodernbert,numeric_power_state,one_missing,268.0,-0.031803015824274694,0.017784592029558212,-0.009677396434144883,-0.0037313432835820895,108.0,0.018629957002808173,0.03150054612345319,-0.005046231010325115,-0.018518518518518517,4946.0,0.2479874580965652,0.014386258078590834,-0.015432445740433093,0.000606550748079256,False,False,False,False,False,False,0.017784592029558212
rumodernbert,numeric_ram_storage_state,one_missing,155.0,0.008664021164021207,0.017474146051216943,-0.011417931921671206,0.0,93.0,-0.0267857142857143,0.061670125680002734,0.004041699316447741,0.0,42.0,0.08500264886628517,0.09831865405297593,0.01454130954447291,0.023809523809523808,False,False,False,False,False,False,0.017474146051216943
rumodernbert,numeric_primary_conflict,ram_storage,173.0,-0.012861104037574567,0.01723461552750468,-0.002977234987687384,0.005780346820809248,45.0,0.011714975845410619,0.23161068858233197,0.04378460041350789,0.13333333333333333,,,,,,False,False,False,False,False,False,0.01723461552750468
rumodernbert,category,Строительство и ремонт,664.0,0.018274014877765365,0.015612352984162867,-0.009222631146082884,-0.0030120481927710845,298.0,-0.005840303792197188,0.06851745942820477,-0.013289406274104703,-0.0436241610738255,,,,,,False,False,False,False,False,False,0.015612352984162867
minilm,category,Строительство и ремонт,664.0,0.024602075895619246,0.013325775937013845,0.0057144950266982885,0.015060240963855422,298.0,0.01600118766670433,0.034170825366914855,0.006479591588472522,0.003355704697986577,,,,,,True,True,False,True,False,False,0.013325775937013845
minilm,numeric_ram_storage_state,match,157.0,0.03766764636329856,0.011853507517967822,0.003144966613777148,0.012738853503184714,46.0,-0.0029334336687277807,0.051771120284420206,0.004328673745950927,0.021739130434782608,,,,,,True,False,False,False,False,False,0.011853507517967822
rumodernbert,bge_score_bin,.01-.025,1694.0,0.06476541093808773,0.00872122679996054,-0.023700932492143303,-0.0005903187721369539,780.0,-0.04213042821020427,0.09370413170050425,-0.020562934225950485,0.001282051282051282,7418.0,-0.007056072543938946,0.01787975740980582,-0.024338819807202997,0.00013480722566729578,False,False,False,False,False,False,0.00872122679996054
rumodernbert,numeric_primary_conflict,size,1191.0,-0.016805875180376795,0.008133631508853883,-0.007544528768438872,-0.0041981528127623844,636.0,-0.03692231325073625,0.008275628997932142,-0.010755018420572724,-0.0031446540880503146,16973.0,-0.005897346835669892,-0.001825028284668301,-0.016694106641154716,-0.0020031815235963,False,False,False,False,False,False,0.008133631508853883
minilm,numeric_size_state,match,260.0,-0.018677162603336295,0.01655940125706753,0.0009559164859148531,0.007692307692307693,164.0,0.006717324824409898,0.008014568817759502,0.007673650459676027,0.0,3051.0,-0.000221013302230455,-0.0029167029558350853,-0.02695408467229821,-0.010816125860373648,False,True,False,False,False,False,0.008014568817759502
rumodernbert,numeric_volume_state,one_missing,610.0,0.02661127156799903,0.007941669006588799,-0.017063682506502163,-0.013114754098360656,210.0,-0.11702817621618988,0.008424320015427447,-0.03527570788754106,-0.05238095238095238,3046.0,-0.0043884498946812345,0.023573534062597275,-0.0142955325572411,0.008207485226526593,False,False,False,False,False,False,0.007941669006588799
rumodernbert,numeric_ram_storage_state,match,157.0,0.02793034511784509,0.007797753004185399,-0.0071621246249500255,-0.006369426751592357,46.0,0.03729023034578591,0.23654685592364386,0.04469705045061267,0.13043478260869565,,,,,,False,False,False,False,False,False,0.007797753004185399
rumodernbert,attribute_agreement,mostly_exact,1230.0,-0.02350683611641191,0.0067296626842423355,-0.014718217316686509,-0.0065040650406504065,709.0,-0.02910287063509842,0.018736105688081643,-0.016239153996257083,-0.015514809590973202,3327.0,0.00388683009982449,0.04800810268469047,-0.012573628981169404,0.011722272317403066,False,False,False,False,False,False,0.0067296626842423355
minilm,title_similarity,medium,3276.0,0.003938826750870095,0.012860073416046967,0.0037198655437185217,0.003663003663003663,1015.0,-0.0038163133094669677,0.006453423423571989,0.002355873134512491,0.0019704433497536944,9308.0,-0.04002353503261913,-0.009339042413506447,-0.008955664628414873,-0.0037602062741727547,True,False,False,False,False,False,0.006453423423571989
rumodernbert,attribute_key_overlap,high,855.0,0.00450210391377337,0.006417955800746485,-0.020236799265588197,-0.00935672514619883,495.0,0.05925681311322645,0.05315744180386159,-0.015757882909883388,-0.00808080808080808,1615.0,-0.00629919835249293,0.028251847043607333,-0.019708277330475775,0.0006191950464396285,False,False,False,False,False,False,0.006417955800746485
minilm,bge_score_bin,.01-.025,1694.0,0.07194342084552884,0.006219112030723047,-0.008926097477702127,0.0,780.0,0.01869712597747175,0.013578882007313558,-0.005351574350900661,0.0,7418.0,-0.006555003379755356,0.00010822798179836523,-0.013042741157627765,-0.00026961445133459155,False,False,False,False,False,False,0.006219112030723047
rumodernbert,numeric_dimensions_state,conflict,2263.0,-0.014450146883366322,0.0053492840047771354,-0.01051073282541624,-0.0008837825894829872,952.0,-0.02764059805131719,0.036761379895832946,-0.016054333932133732,-0.015756302521008403,8517.0,-0.012358671354739892,0.002592876964137023,-0.015584133444540925,0.0005870611717740989,False,False,False,False,False,False,0.0053492840047771354
minilm,category,Аптека,624.0,0.03521424020645114,0.005181858338527845,0.003482040441306312,0.0016025641025641025,308.0,0.06628820431117133,0.0469047377678349,0.010869009461380124,0.01948051948051948,,,,,,True,True,False,True,False,False,0.005181858338527845
rumodernbert,bge_sequence_length,at_384,718.0,0.011997634373859811,0.004865399679352992,-0.018190972575949295,0.001392757660167131,342.0,-0.02200018761087641,0.056395947374655704,-0.007516013231412344,-0.017543859649122806,1079.0,-0.009558341432757245,0.012001460774490923,-0.021300667669376803,0.004633920296570899,False,False,False,False,False,False,0.004865399679352992
minilm,category,Продукты питания,690.0,-0.0026434924999571008,0.004692987689097614,-0.0026911183831912966,0.002898550724637681,311.0,-0.005520670422525631,0.042288695925825376,0.001966001461097189,-0.006430868167202572,,,,,,False,False,False,False,False,False,0.004692987689097614
minilm,numeric_weight_state,match,1437.0,-0.0042680941534224415,0.00452733979641045,-0.0028596903724070455,0.0020876826722338203,706.0,0.012864940711527217,0.01707316516093336,0.006050737978336988,0.0084985835694051,1543.0,0.00031207632822227716,-0.014960244615544196,-0.009646626256725601,-0.0038885288399222295,False,True,False,False,False,False,0.00452733979641045
minilm,numeric_match_count,one,4343.0,0.009485975361786636,0.004240822659485915,-0.0007244458013817048,0.002072300253281142,2085.0,0.009949097570430443,0.011987490849465461,0.00259114867378134,0.0019184652278177458,10921.0,-0.010968390283570217,0.0007840320955917439,-0.009219253665480905,-0.002930134603058328,False,True,False,False,False,False,0.004240822659485915
minilm,category,Музыкальные инструменты,660.0,0.008331279920504198,0.003743225570127448,-0.0010912053607171402,-0.0015151515151515152,431.0,-0.009564006688824678,0.010392988499530685,0.002894759826413993,0.0069605568445475635,,,,,,False,False,False,False,False,False,0.003743225570127448
minilm,category,Красота и гигиена,674.0,-0.0013343115335768818,0.003249729884153055,0.0007749843167262677,0.010385756676557863,287.0,-0.02708110202488412,0.009572650942416694,-0.004142859228034844,-0.006968641114982578,,,,,,False,False,False,False,False,False,0.003249729884153055
minilm,category,Товары для животных,624.0,0.00017705724019534408,0.002548306688854035,0.003721593712842337,0.003205128205128205,319.0,0.017486757793930496,0.008742613410208105,0.015692158862196645,0.012539184952978056,,,,,,True,True,False,True,False,False,0.002548306688854035
rumodernbert,category,Обувь,693.0,0.05021456927521617,0.016067453672367473,-0.008692603515076648,0.005772005772005772,325.0,-0.007363973234763621,0.002497065880751454,-0.019600328199583322,-0.015384615384615385,,,,,,False,False,False,False,False,False,0.002497065880751454
minilm,attribute_agreement,mostly_exact,1230.0,-0.004541733590790464,0.002105287790894493,0.00034961518697271206,0.0016260162601626016,709.0,0.014973904842042585,0.022150211111918512,0.009187642030797378,0.004231311706629055,3327.0,-0.015228985426995467,0.013312012951324743,-0.00810305044964215,0.0018034265103697023,False,True,False,False,False,False,0.002105287790894493
rumodernbert,category,Аптека,624.0,-0.008809732086639266,0.00209618717236562,-0.005222014865222053,0.0,308.0,0.061564230057882974,0.02021543928761802,-0.0064715414665478385,0.003246753246753247,,,,,,False,False,False,False,False,False,0.00209618717236562
rumodernbert,model_sku_code_state,conflict,2759.0,-0.01704116064690664,0.0020209704306785557,-0.01047385277555275,-0.0003624501631025734,1113.0,-0.01378461454256985,0.04430031303928283,-0.009497774324415634,-0.013477088948787063,16549.0,-0.008383502680209154,0.016007143814647417,-0.015982135297866493,-0.00018127983563961567,False,False,False,False,False,False,0.0020209704306785557
rumodernbert,title_code_state,conflict,2759.0,-0.01704116064690664,0.0020209704306785557,-0.01047385277555275,-0.0003624501631025734,1113.0,-0.01378461454256985,0.04430031303928283,-0.009497774324415634,-0.013477088948787063,16549.0,-0.008383502680209154,0.016007143814647417,-0.015982135297866493,-0.00018127983563961567,False,False,False,False,False,False,0.0020209704306785557
rumodernbert,brand_state,conflict,1373.0,0.013442325515404918,0.001990374508833923,-0.01765411278564966,0.003641660597232338,585.0,0.009022945501456825,0.03194231452968761,-0.02108675034261014,-0.03418803418803419,3818.0,-0.003956144814557083,0.02934081421062289,-0.015582361599358666,0.005762179151388162,False,False,False,False,False,False,0.001990374508833923
rumodernbert,numeric_weight_state,conflict,2038.0,0.008473798804254473,0.001730984802794316,-0.013197010217762132,-0.0068694798822374874,915.0,-0.03256948493400813,0.019845524724177097,-0.015402015613467062,-0.019672131147540985,7418.0,-0.059672703965415685,0.015200522359220063,-0.015669473367417395,0.0013480722566729577,False,False,False,False,False,False,0.001730984802794316
minilm,missingness,very_high,4205.0,-0.0031847336997838926,0.0017224470874281856,-0.002066600627064324,0.004042806183115339,2148.0,0.001263819778482389,0.006061957539190133,-0.00210202258019733,0.0023277467411545625,7211.0,-0.02968652493146251,-0.005515720716045095,-0.010723230242775198,-0.006379142976008875,False,False,False,False,False,False,0.0017224470874281856
rumodernbert,title_similarity,medium,3276.0,-0.002455594445709197,0.0014237694738283378,-0.01824003802891691,-0.011294261294261294,1015.0,-0.008080455963994482,0.08283113250451826,-0.009413797860670366,-0.013793103448275862,9308.0,-0.021265596810248755,0.01615803496479684,-0.015813264527733538,-0.0032230339492909325,False,False,False,False,False,False,0.0014237694738283378
minilm,bge_score_bin,.975-.99,273.0,0.038064729033602696,0.0013704559509212897,-0.016780410930787252,0.0,61.0,-0.06619331065759637,0.2850191580126085,-1.1749932023345448e-05,0.0,807.0,0.007943237242667434,0.001389744498232789,-0.015403553372643694,-0.0012391573729863693,False,False,False,False,False,False,0.0013704559509212897
rumodernbert,bge_score_bin,.025-.05,1324.0,0.0352078952739619,0.0012081282807361096,-0.027940288104828775,-0.0007552870090634441,637.0,-0.02258434986173441,0.08723422270154475,-0.018880876861629623,-0.0015698587127158557,6226.0,0.024576927092828008,0.026976499537789855,-0.0271795800767529,0.0004818503051718599,False,False,False,False,False,False,0.0012081282807361096
minilm,bge_uncertainty,extreme,8109.0,0.014829323858784993,0.0009796832264227376,-0.009865897935944147,-0.0008632383771118511,3371.0,0.002774855248261432,0.022076874432202073,-0.00512351616417205,-0.0005932957579353308,30322.0,-0.006040364028507328,0.0024561311347114445,-0.013468816995042756,-0.0011872567772574368,False,False,False,False,False,False,0.0009796832264227376
rumodernbert,brand_state,match,1095.0,0.009914254564450165,0.0008866277024039977,-0.015635759677940217,-0.006392694063926941,573.0,-0.017764751609652407,0.00711354789284961,-0.026250539254173668,-0.02268760907504363,2598.0,-0.011634375001604913,0.011163650437534983,-0.01353115980532931,-0.0023094688221709007,False,False,False,False,False,False,0.0008866277024039977
rumodernbert,bge_score_bin,00-.01,2791.0,-0.027303712822666255,0.0008518429872152666,-0.011599360191013222,0.0,1001.0,0.011104381914103179,0.04826477228628713,-0.009683676295325922,0.0,9047.0,-0.008351538824192824,0.0055696082463764654,-0.015970325506858448,0.0,False,False,False,False,False,False,0.0008518429872152666
rumodernbert,attribute_key_overlap,medium,3566.0,-0.011313472247384104,0.0008189941724253369,-0.013841648046169764,-0.00532809871003926,1889.0,-0.037768371087416264,0.011178879368407576,-0.017493407324419872,-0.014293276866066702,11283.0,-0.014659829731985874,0.00872172744444244,-0.017793731554812713,-0.0005317734645041213,False,False,False,False,False,False,0.0008189941724253369
rumodernbert,model_sku_code_state,match,1114.0,-0.004533546507234254,0.0006871222289361139,-0.016131947275229833,-0.0026929982046678637,775.0,0.0018672162897953037,0.007472177063838644,-0.023791229854011157,-0.02064516129032258,4880.0,-0.002653510549466276,0.00700191240437611,-0.014696624691774171,0.0012295081967213116,False,False,False,False,False,False,0.0006871222289361139
rumodernbert,title_code_state,match,1114.0,-0.004533546507234254,0.0006871222289361139,-0.016131947275229833,-0.0026929982046678637,775.0,0.0018672162897953037,0.007472177063838644,-0.023791229854011157,-0.02064516129032258,4880.0,-0.002653510549466276,0.00700191240437611,-0.014696624691774171,0.0012295081967213116,False,False,False,False,False,False,0.0006871222289361139
rumodernbert,numeric_conflict_count,multiple,3439.0,-0.021824104868856553,0.0006149875519178813,-0.013628695727178028,-0.006687990694969468,1554.0,-0.005389367402338308,0.03799056650818821,-0.014350088593009189,-0.017374517374517374,12955.0,-0.011965411904640288,0.0051199178699801624,-0.017146361067188,7.719027402547279e-05,False,False,False,False,False,False,0.0006149875519178813
minilm,bge_score_bin,00-.01,2791.0,-0.019021253486938228,0.000558816881102066,-0.004482463977704602,0.0,1001.0,0.0767186790513247,0.010682428448932055,-0.002378052899767898,0.0,9047.0,0.00462150717423538,0.004361726311085964,-0.007255757329746833,0.0,False,False,False,False,False,False,0.000558816881102066
rumodernbert,attribute_agreement,mixed,3204.0,-0.003204232484509295,0.0005110115104519762,-0.014474675725227627,-0.00749063670411985,1668.0,-0.019503610105145508,0.017165831534157048,-0.018062626291567175,-0.020983213429256596,12908.0,-0.011549203453476209,0.011076451768908781,-0.018544685795862367,-0.001007127362875736,False,False,False,False,False,False,0.0005110115104519762
minilm,numeric_primary_conflict,weight,2421.0,0.0526080916033036,0.010001889065835632,0.001369064762310054,0.007021891780256092,1047.0,-0.013648264043670644,0.00047458050272813354,0.0035788695462310015,0.008595988538681949,5796.0,-0.0031983919954373663,-0.010896321575672012,-0.005035204857710055,-0.002933057280883368,True,False,False,False,False,False,0.00047458050272813354
rumodernbert,bge_uncertainty,extreme,8109.0,0.013065450435725379,0.000465862014078341,-0.023359878778220496,-0.0007399186089530152,3371.0,-0.005895867160178481,0.085471028301133,-0.01831421715306503,-0.0011865915158706616,30322.0,-0.002443914493741872,0.015996456978806813,-0.02299937684424202,-0.0004617109689334477,False,False,False,False,False,False,0.000465862014078341
rumodernbert,numeric_size_state,match,260.0,-0.024455111292268072,0.0003523735193964906,-0.015298206322208548,-0.007692307692307693,164.0,0.056928888577640335,0.05354420870472819,-0.0019320416719959368,-0.012195121951219513,3051.0,-0.00012377619603776147,0.006377186159748958,-0.025621658405676723,-0.008849557522123894,False,False,False,False,False,False,0.0003523735193964906
rumodernbert,numeric_optical_state,one_missing,110.0,-0.005388471177944831,0.00020005497198239108,-0.0042034278036391535,0.00909090909090909,44.0,-0.03541666666666665,0.00719816104286709,0.019379183214782228,0.06818181818181818,,,,,,False,False,False,False,False,False,0.00020005497198239108
minilm,bge_score_bin,.95-.975,345.0,0.01042049712006976,0.00015601447427544642,-0.023504881236864172,-0.002898550724637681,132.0,-0.08646587007786344,0.15867333233060432,-0.0032245550643314014,0.007575757575757576,951.0,0.08357379783866214,-0.00570598270446325,-0.026666908046048522,-0.005257623554153523,False,False,False,False,False,False,0.00015601447427544642
minilm,model_attribute_state,both_missing,6371.0,-0.0006890841465895248,-8.831103664011132e-05,-0.002709547686369565,0.0031392246115209545,3200.0,0.006847598023776713,0.009382302591553138,0.0021002354441088753,0.0046875,9761.0,-0.02542141193456693,0.0012529190550073374,-0.008723995157738147,-0.0037905952258989856,False,True,False,False,False,False,-8.831103664011132e-05
rumodernbert,attribute_count,20-39,2909.0,-0.004547404546059508,-9.063883611656365e-05,-0.012668558273298023,-0.004125128910278446,1361.0,-0.0314698035731788,0.013099438708020243,-0.016378934874425703,-0.020573108008817047,20000.0,-0.015249458552727413,0.004205484397314934,-0.016492592622671873,-0.0015,False,False,False,False,False,False,-9.063883611656365e-05
rumodernbert,numeric_primary_conflict,weight,2421.0,-0.01898490439209921,-0.00014740310194465595,-0.020142142488531856,-0.0057827344072697235,1047.0,0.0061070152417948,0.03237830606120659,-0.022199168879501636,-0.029608404966571154,5796.0,-0.0021262526771245183,0.015391294085793166,-0.013538356977448238,0.0015527950310559005,False,False,False,False,False,False,-0.00014740310194465595
minilm,numeric_conflict_count,one,4485.0,-0.0014788203178707215,-0.0001495593461589493,-0.0022105317877899127,0.002452619843924192,2119.0,0.015214676189978016,0.005629316378547632,-0.00032712497306644164,-0.005191127890514393,18172.0,-0.02541937787827986,-0.00935056978307131,-0.008950433337780344,-0.0036869909751265683,False,False,False,False,False,False,-0.0001495593461589493
rumodernbert,numeric_size_state,one_missing,2203.0,-0.014123660899016732,-0.00041505879354263465,-0.014543886081518048,-0.0027235587834770767,1106.0,-0.016021928630644222,0.01565368180676952,-0.014898603453659455,-0.0081374321880651,16133.0,-0.002104819963559157,0.010780552223082421,-0.015569262301607968,0.0006198475175106924,False,False,False,False,False,False,-0.00041505879354263465
minilm,numeric_pack_count_state,match,3074.0,0.0032086863066282945,-0.0007221169742752338,0.0010287796868907648,0.008458035133376708,1450.0,-0.004821449778175779,0.007280468263357863,0.0014654917159952737,0.000689655172413793,8886.0,-0.02925512543858777,-0.0057383929785886365,-0.007266602255798597,-0.004388926401080351,False,False,False,False,False,False,-0.0007221169742752338
rumodernbert,attribute_key_overlap,low,3038.0,0.0012713965435700025,-0.0008335505042244322,-0.01701547661106074,-0.005595786701777485,1359.0,0.03504675889656972,0.033456549432957255,-0.018723295419118213,-0.01913171449595291,13573.0,-0.0019849589936624668,0.004146887368856082,-0.014886878009876698,-0.00022102703897443454,False,False,False,False,False,False,-0.0008335505042244322
rumodernbert,numeric_power_state,conflict,500.0,0.015414175979423406,-0.0009280709089590502,-0.002991560205773567,0.002,194.0,0.025150274562039276,0.0076012065383337536,-0.00768479125938179,-0.015463917525773196,3331.0,-0.009970585484897931,0.005722717919715782,-0.01583420216318089,0.0012008405884118883,False,False,False,False,False,False,-0.0009280709089590502
rumodernbert,missingness,high,1102.0,-0.025472746063649465,-0.001200625895315952,-0.018379538239137492,-0.009981851179673321,653.0,-0.027261788721124613,0.039058437278557984,-0.020296749991727037,-0.02450229709035222,995.0,-0.009072618560319268,0.09954139118378043,-0.01033805884191551,0.003015075376884422,False,False,False,False,False,False,-0.001200625895315952
rumodernbert,numeric_pack_count_state,conflict,1075.0,-0.009824153883436715,-0.0013804238182757677,-0.016901575500649118,-0.0037209302325581397,407.0,-0.014979387041875736,0.04082009771670587,-0.023862881228772247,-0.022113022113022112,1898.0,0.04318898660073822,0.009658470088808895,-0.016384731229804765,0.002107481559536354,False,False,False,False,False,False,-0.0013804238182757677
minilm,attribute_key_overlap,low,3038.0,0.01481642030203767,0.0048584705569411244,-9.119120644457752e-06,0.004608294930875576,1359.0,0.009941940794607473,-0.001392837322831314,0.0006567520105123733,-0.005886681383370125,13573.0,-0.023968993179444897,-0.010819938391490952,-0.008852017652228624,-0.0020629190304280558,False,False,False,False,False,False,-0.001392837322831314
minilm,numeric_optical_state,conflict,218.0,0.19444444444444442,0.011641639285853034,-0.00138631787054575,0.0,87.0,,-0.0014703148576462283,-0.0014410969132528074,0.0,,,,,,False,False,False,False,False,False,-0.0014703148576462283
minilm,numeric_volume_state,one_missing,610.0,0.027008642672092686,-0.0015805645714688356,-0.0008723008809596888,0.001639344262295082,210.0,-0.028542322103152995,0.009115337102058262,0.0003019925087712528,-0.01904761904761905,3046.0,-0.18019357329726293,8.62579562557196e-05,-0.0060720655958151236,-0.0013131976362442547,False,False,False,False,False,False,-0.0015805645714688356
rumodernbert,numeric_dimensions_state,match,2283.0,-0.0023993789433562895,-0.0015851908339111437,-0.018238255470303045,-0.003504161191414805,1170.0,-0.039282056634107165,0.04348742297440301,-0.020183419455880095,-0.028205128205128206,4991.0,-0.005214519451071764,0.0147806307135624,-0.017231029051671745,0.0012021638950110197,False,False,False,False,False,False,-0.0015851908339111437
minilm,numeric_pack_count_state,one_missing,4596.0,0.005153546885829363,-0.0016026457555653665,-0.0027851717222817938,0.0030461270670147957,2207.0,-0.0007057309522781607,0.000900504425873853,0.0038515147649178837,0.008608971454463071,16564.0,-0.025884238313712116,-0.009819370791374493,-0.009845406178785848,-0.0046486355952668435,False,False,False,False,False,False,-0.0016026457555653665
rumodernbert,title_similarity,high,2037.0,0.007371017876692143,-0.0016127870313589522,-0.01628217669316535,-0.0014727540500736377,1583.0,-0.013094360053118648,0.0060834991545986985,-0.02555277761006671,-0.022109917877447885,4845.0,-0.020876256054786158,0.02777532186436607,-0.017053504707519988,-0.000412796697626419,False,False,False,False,False,False,-0.0016127870313589522
rumodernbert,attribute_count,40+,166.0,-0.0003973407544837215,-0.0016802787129674651,-0.005686109432754603,0.018072289156626505,60.0,-0.006547387186274012,0.09344228698703107,0.0009310255428620924,0.06666666666666667,1142.0,-0.005027048298424042,0.03104938925381644,-0.022482543834994814,0.005253940455341506,False,False,False,False,False,False,-0.0016802787129674651
minilm,numeric_primary_conflict,power,414.0,-0.129654058063149,-0.0018389901147361917,0.0017912503735803165,-0.0024154589371980675,186.0,0.019829598506069135,0.013024120053138391,0.00542263016635139,0.010752688172043012,875.0,-0.018059840011406703,-0.02444945919988374,-0.004454459890856274,-0.002285714285714286,False,True,False,False,False,False,-0.0018389901147361917
minilm,attribute_key_overlap,tiny,1444.0,0.01415495769870545,0.0019444185207290246,0.0032490586404529996,0.007617728531855956,591.0,-0.035601841625114594,-0.0019466658332464978,0.003743880689298764,0.005076142131979695,9513.0,0.002770657570673407,-0.004423180783603501,-0.007315348916597893,-0.0035740565541890045,True,False,False,False,False,False,-0.0019466658332464978
rumodernbert,bge_sequence_length,128-255,5139.0,-0.012071493319249615,-0.002211785559665524,-0.016109243543642418,-0.0033080365829928,2312.0,-0.03572445642335653,0.020324045252944078,-0.020883809660646756,-0.022923875432525952,24738.0,-0.006080614291687048,0.004520641344475978,-0.015610791407167753,-0.0013339801115692456,False,False,False,False,False,False,-0.002211785559665524
rumodernbert,numeric_primary_conflict,dimensions,1901.0,-0.012350083013303759,-0.0022740605641435275,-0.014926997914039558,0.0015781167806417674,962.0,-0.01688933743220289,0.040198450533539695,-0.017557892091058885,-0.02598752598752599,2297.0,-0.0047201386598035855,0.011713587384872673,-0.011501276374251086,-0.00130605137135394,False,False,False,False,False,False,-0.0022740605641435275
rumodernbert,numeric_primary_conflict,model_number,1007.0,-0.0057956522323147075,-0.002324711873002161,-0.011156061479253944,0.0009930486593843098,521.0,0.003152220983251741,0.043292678217313314,-0.01076005808580059,-0.011516314779270634,2863.0,-0.017116478124897916,0.034439237627571305,-0.01600789451897686,-0.00034928396786587494,False,False,False,False,False,False,-0.002324711873002161
rumodernbert,bge_score_bin,.05-.10,1144.0,0.07305188919369954,-0.002362182853817019,-0.031084286356735585,0.0,551.0,0.011983878352568145,0.03468328895914822,-0.030079342115555505,0.0,4995.0,0.03923064013273589,0.03154174410955035,-0.02341734733231164,-0.0002002002002002002,False,False,False,False,False,False,-0.002362182853817019
minilm,category,Бытовая химия,642.0,-0.00468190857116213,0.002587729389139328,0.0015388485586424459,0.0,311.0,0.012726552535628932,-0.0024297799004064746,0.0021814351506123974,0.006430868167202572,,,,,,False,False,False,False,False,False,-0.0024297799004064746
minilm,numeric_optical_state,match,178.0,0.0,-0.002447061054247334,0.0002901956082659831,0.0,167.0,-0.02316547422491287,0.0038492113356638404,0.0012748146719040634,0.0,,,,,,False,False,False,False,False,False,-0.002447061054247334
rumodernbert,title_exact_near,high_nonexact,2017.0,0.00504668952820031,-0.0024837736575295073,-0.01642121451717447,-0.0019831432821021317,1560.0,-0.01279750961839321,0.00545923842171261,-0.02590542894320093,-0.022435897435897436,4812.0,-0.02074379495990719,0.027959605263183914,-0.017152875333591187,-0.0006234413965087282,False,False,False,False,False,False,-0.0024837736575295073
rumodernbert,bge_score_bin,.975-.99,273.0,0.053217865032718636,-0.0026235642019674754,-0.02524703522741576,0.0,61.0,-0.03771825396825401,0.37624770768453764,-0.01802397873557982,-0.01639344262295082,807.0,0.003991445585543318,-0.0036282651821798123,-0.022193915209510216,-0.006195786864931847,False,False,False,False,False,False,-0.0026235642019674754
rumodernbert,missingness,very_high,4205.0,-0.01134136179477585,-0.0026581474349530094,-0.01896221011668177,-0.0064209274673008325,2148.0,-0.014733119850344645,0.020683402084974534,-0.023607238740862676,-0.014432029795158287,7211.0,-0.009979463438297143,0.012838086530960927,-0.01606521973955213,-0.004021633615309943,False,False,False,False,False,False,-0.0026581474349530094
rumodernbert,numeric_size_state,conflict,1053.0,-0.006586901549090696,0.010860527733896045,-0.006654612213798106,-0.003798670465337132,559.0,-0.01708124387622606,-0.0029103170818854055,-0.0127303666615428,-0.005366726296958855,15239.0,-0.0027833816915220355,-0.0010270192574597992,-0.01601372040859283,-0.0016405275936741256,False,False,False,False,False,False,-0.0029103170818854055
rumodernbert,numeric_pack_count_state,one_missing,4596.0,-0.0008585870423898356,-0.0030715376787181733,-0.01861251836326008,-0.004351610095735422,2207.0,-0.029661614909019807,0.014553490168454551,-0.02274817035430207,-0.022655188038060717,16564.0,-0.0017559841485015326,0.00898172055395771,-0.015619987271541286,-0.0009659502535619416,False,False,False,False,False,False,-0.0030715376787181733
minilm,numeric_primary_conflict,dimensions,1901.0,-0.0018613578703433609,-0.003122991831348759,-0.003946411389190821,0.003156233561283535,962.0,0.005030549198723477,0.00017066073763864016,-0.0021696904241139472,-0.011434511434511435,2297.0,-0.018886423664352336,-0.0034880612966408766,-0.012104313292499658,-0.0008707009142359599,False,False,False,False,False,False,-0.003122991831348759
rumodernbert,attribute_agreement,mostly_conflict,4505.0,-0.010255949812840615,-0.0031773187078548825,-0.017418091358045142,-0.00244173140954495,1981.0,-0.01053901808397395,0.041092880534627466,-0.017599371106315556,-0.013124684502776375,19786.0,-0.016611976345314527,-0.0005257883133452271,-0.015390921284787378,-0.002729202466390377,False,False,False,False,False,False,-0.0031773187078548825
rumodernbert,numeric_optical_state,conflict,218.0,0.4444444444444444,0.013464579971181329,-0.0029599541578486715,0.0,87.0,,-0.0033447428888573163,-0.003317490477153721,0.0,,,,,,False,False,False,False,False,False,-0.0033447428888573163
minilm,numeric_size_state,both_missing,8484.0,-0.0010050857551979764,-0.003355325632671091,-0.0021319460714677085,0.0027109853842527108,3985.0,-0.01915248602185554,0.0004308162536090625,-0.00046881857192128607,0.0,6748.0,-0.03835118394172132,0.009010739062810006,-0.005760071767999557,-0.0035566093657379964,False,False,False,False,False,False,-0.003355325632671091
minilm,model_sku_code_state,no_evidence,3897.0,0.0011365524765172275,-0.0034139977491179606,-0.0037540168476149164,0.0043623299974339235,2058.0,0.011904554150031721,0.009280613062774914,0.0007165637659169173,0.003401360544217687,6094.0,-0.022876846101082315,0.0005111797700988081,-0.010706478232311389,-0.00508697079094191,False,True,False,False,False,False,-0.0034139977491179606
minilm,title_code_state,both_missing,3897.0,0.0011365524765172275,-0.0034139977491179606,-0.0037540168476149164,0.0043623299974339235,2058.0,0.011904554150031721,0.009280613062774914,0.0007165637659169173,0.003401360544217687,6094.0,-0.022876846101082315,0.0005111797700988081,-0.010706478232311389,-0.00508697079094191,False,True,False,False,False,False,-0.0034139977491179606
rumodernbert,title_similarity,near_exact,524.0,-0.012334192754243523,0.00920178585806446,-0.009870814042680635,0.013358778625954198,841.0,-0.04546494687385849,-0.003421045745884252,-0.025656917513892933,-0.019024970273483946,1060.0,-0.014981226488437027,0.018268232813614588,-0.017265667994111285,0.011320754716981131,False,False,False,False,False,False,-0.003421045745884252
rumodernbert,title_exact_near,near_exact,1612.0,-0.011206188025568053,0.0040707667659165715,-0.015974597204733692,-0.0037220843672456576,1593.0,-0.028207127499524337,-0.0034408216045873144,-0.0272184177686952,-0.027620841180163214,8405.0,-0.005275338366371507,0.012120894108198563,-0.017164584084872474,0.001189767995240928,False,False,False,False,False,False,-0.0034408216045873144
rumodernbert,numeric_match_count,none,5682.0,-0.012181458355073782,-0.00345281928204477,-0.015627620734547612,-0.006335797254487857,2694.0,-0.04111229617776957,0.002533555802430275,-0.024905040043691568,-0.021158129175946547,24175.0,-0.008283548016640996,0.00807535415763481,-0.015190793076394843,-0.000827300930713547,False,False,False,False,False,False,-0.00345281928204477
minilm,model_sku_code_state,one_missing,4230.0,-0.0012111473745288759,0.0023654429321782106,-0.0027283059047700465,0.001182033096926714,1868.0,-0.012493429915417131,-0.0034731178820549846,-0.0015850406006621175,-0.0010706638115631692,13648.0,-0.023079422505543956,-0.006580172094506701,-0.009253526734076641,-0.0038100820633059787,False,False,False,False,False,False,-0.0034731178820549846
minilm,title_code_state,one_missing,4230.0,-0.0012111473745288759,0.0023654429321782106,-0.0027283059047700465,0.001182033096926714,1868.0,-0.012493429915417131,-0.0034731178820549846,-0.0015850406006621175,-0.0010706638115631692,13648.0,-0.023079422505543956,-0.006580172094506701,-0.009253526734076641,-0.0038100820633059787,False,False,False,False,False,False,-0.0034731178820549846
rumodernbert,attribute_count,10-19,5751.0,0.0035377927795134934,-0.0035528641989664273,-0.0186612012887507,-0.0026082420448617634,2736.0,-0.02658447001721792,0.022661163032949936,-0.021632497665083513,-0.017909356725146198,16331.0,-0.008607004390993933,0.005075914313241357,-0.017026296721346118,-0.0022043965464454106,False,False,False,False,False,False,-0.0035528641989664273
rumodernbert,numeric_volume_state,both_missing,10119.0,-0.010572051992662423,-0.0036108225294729734,-0.017049497391040398,-0.004842375728826959,5063.0,-0.02646441554936435,0.02459864128712677,-0.01972555115343745,-0.017578510764368952,33622.0,-0.006316598447509536,0.009328480585564456,-0.015852935886896465,-0.0024388793052168224,False,False,False,False,False,False,-0.0036108225294729734
rumodernbert,model_attribute_state,both_missing,6371.0,-0.007760022221059537,-0.0037284514584863745,-0.02030326126041507,-0.005650604300737718,3200.0,-0.009728049266344796,0.04271863403819196,-0.020748259186011638,-0.0165625,9761.0,-0.009995130551749276,0.021815410346191996,-0.014869923868990895,-0.002253867431615613,False,False,False,False,False,False,-0.0037284514584863745
minilm,numeric_match_count,multiple,1975.0,0.004680706040556815,-0.0037905924237677164,-5.07692582212695e-05,0.006582278481012658,1035.0,0.003344438404201122,0.009436475922637952,0.0015511702771390256,0.000966183574879227,6075.0,-0.02905530435419068,-0.012897154841325914,-0.011964238758592717,-0.0036213991769547325,False,True,False,False,False,False,-0.0037905924237677164
minilm,brand_state,one_missing,9532.0,0.0001346279026293029,-0.0023777755672696505,-0.0028049540042578247,0.000419639110365086,4656.0,-0.011514988064230125,-0.003808104173783029,-0.0014856742821837518,-0.000429553264604811,34755.0,-0.021329749700783274,-0.008690390362361147,-0.009807088757168741,-0.003711696158826068,False,False,False,False,False,False,-0.003808104173783029
rumodernbert,numeric_weight_state,one_missing,3618.0,-0.0005002357406201918,-0.0038117748211194337,-0.015686218183908977,-0.005251520176893312,1623.0,-0.021407235124584256,0.027205703481810763,-0.02107137681954677,-0.017868145409735057,8347.0,0.0048642033233033954,0.014052766534785752,-0.01431000267876708,-0.0004792140888942135,False,False,False,False,False,False,-0.0038117748211194337
minilm,title_exact_near,exact,100.0,-0.01041666666666663,-0.003888948877761613,-0.0002975426541524939,0.01,208.0,0.16666666666666663,0.007624889058956552,0.004200187499428956,-0.004807692307692308,958.0,-0.026714079912099176,0.028946760894403862,-0.0107896896986171,-0.0020876826722338203,False,False,False,False,False,False,-0.003888948877761613
rumodernbert,numeric_pack_count_state,match,3074.0,-0.01839971392334161,-0.003918665833593006,-0.0179807364701261,-0.002277163305139883,1450.0,-0.03644849125933575,0.05780870258930187,-0.013706915799983985,-0.004827586206896552,8886.0,-0.005038150117656959,0.012542051992979735,-0.017274202358207237,-0.0022507314877335135,False,False,False,False,False,False,-0.003918665833593006
rumodernbert,category,Мебель,741.0,-0.01649032318478605,-0.003940164954509207,-0.014742887548278837,0.001349527665317139,339.0,-0.020038360383323517,-0.0036613595438374324,-0.02869104601710329,-0.04129793510324484,,,,,,False,False,False,False,False,False,-0.003940164954509207
rumodernbert,category,Продукты питания,690.0,-0.018455456313501095,-0.0039470084543144785,-0.02576741514228912,0.0,311.0,-0.026381815433242695,0.05592548802197529,-0.029969950794175693,-0.04180064308681672,,,,,,False,False,False,False,False,False,-0.0039470084543144785
minilm,numeric_primary_conflict,none,3067.0,-0.011221850104848108,-0.003993265202549904,-0.006342408487809057,-0.0006521030322791001,1618.0,-0.014970505097021192,-0.0038746277386059874,-0.0036870575510792847,0.0012360939431396785,7166.0,-0.016599847901415,0.005425998446123141,-0.010898236613476891,-0.006000558191459671,False,False,False,False,False,False,-0.003993265202549904
rumodernbert,numeric_match_count,one,4343.0,-0.011902548453925466,-0.004070782780082016,-0.01959483972934086,-0.005756389592447617,2085.0,-0.0053688234992015915,0.03987488866021684,-0.01636483233451145,-0.017745803357314148,10921.0,0.0010034359707272733,0.0181469158273082,-0.015604292612858986,-0.0010072337698013004,False,False,False,False,False,False,-0.004070782780082016
rumodernbert,numeric_dimensions_state,both_missing,3527.0,-0.011034504092503616,-0.004075567681931047,-0.01883228226518788,-0.004819960306209243,1866.0,-0.013921135121578998,0.02072459870160992,-0.01732883522606467,-0.010182207931404072,11375.0,-0.003646521389141011,0.013434999373918647,-0.017346772163933665,-0.0033406593406593407,False,False,False,False,False,False,-0.004075567681931047
minilm,attribute_key_overlap,high,855.0,-0.005302155857800361,0.004273242771167488,-0.004143825989085173,-0.0035087719298245615,495.0,0.03677597604959798,-0.004097746077576613,-0.004677702753300158,-0.012121212121212121,1615.0,-0.030838804251537733,0.01890065178526929,-0.012703573569671998,-0.0018575851393188853,False,False,False,False,False,False,-0.004097746077576613
rumodernbert,category,Галантерея и аксессуары,629.0,-0.03075373613708432,-0.004108477821477051,-0.018257606916825674,-0.006359300476947536,308.0,-0.042095963147728455,0.008108289447284431,-0.013379979807250966,0.003246753246753247,,,,,,False,False,False,False,False,False,-0.004108477821477051
rumodernbert,category,Красота и гигиена,674.0,-0.0076766287618716955,-0.004147322161194956,-0.02031178659350454,-0.008902077151335312,287.0,-0.03519810015430913,0.03402310769317973,-0.02451107003713896,-0.03832752613240418,,,,,,False,False,False,False,False,False,-0.004147322161194956
minilm,category,Канцелярские товары,637.0,0.005517156707194659,-0.004355541975447511,-0.0046261731251742355,0.0141287284144427,282.0,-0.012286591518428258,-0.0028331918343624525,-0.004951129934555646,-0.0070921985815602835,,,,,,False,False,False,False,False,False,-0.004355541975447511
minilm,numeric_dimensions_state,both_missing,3527.0,-0.004378104751079803,-1.1645933065183402e-05,-0.00021239864149917502,0.003685851998865892,1866.0,-0.0006913314528587677,-0.0044755098513575555,-0.0007071853474581476,-0.0010718113612004287,11375.0,-0.01871229439192934,-0.0021151892395062074,-0.00918790802055494,-0.008263736263736264,False,False,False,False,False,False,-0.0044755098513575555
minilm,title_similarity,high,2037.0,0.01520946873183815,-0.0034167761682137613,-0.0013220497525763338,0.0,1583.0,-0.03229393544570802,-0.004530989385420364,0.0002776560234997995,0.0006317119393556538,4845.0,-0.03341036822560339,0.007174572484410775,-0.004522188797602608,-0.0018575851393188853,False,False,False,False,False,False,-0.004530989385420364
rumodernbert,numeric_optical_state,both_missing,11494.0,-0.008721989029832566,-0.004550847375638492,-0.01848626550768733,-0.00565512441273708,5516.0,-0.025198085337125087,0.02680742659110204,-0.021575596777444413,-0.02048585931834663,41163.0,-0.008248084546432333,0.009770389580780981,-0.0162404152767219,-0.001384738721667517,False,False,False,False,False,False,-0.004550847375638492
minilm,attribute_count,40+,166.0,-0.1604415584415586,-0.004605881366742357,0.005185273311359328,0.030120481927710843,60.0,0.02993095331380563,0.04687154324278761,0.007276554287333662,0.016666666666666666,1142.0,0.0017508267938662891,-2.5797056904945444e-05,-0.008371417419948238,0.0017513134851138354,False,False,False,False,False,False,-0.004605881366742357
minilm,numeric_dimensions_state,match,2283.0,0.007715087610405735,-0.0048568235539090295,-0.0031140294675988333,-0.0004380201489268506,1170.0,-0.0015926660109256696,0.01504212249183739,0.0006474408102866052,-0.007692307692307693,4991.0,-0.02640558494114631,-0.0033905143024615387,-0.011504520810668672,-0.0010018032458425166,False,False,False,False,False,False,-0.0048568235539090295
rumodernbert,numeric_power_state,both_missing,10973.0,-0.009356649224391833,-0.004859215222918731,-0.018799066084645405,-0.0056502323885901755,5361.0,-0.01972753039692582,0.02643730150839784,-0.021262221907418763,-0.01846670397313934,28529.0,-0.006295340909900915,0.010321350105463352,-0.015939868331474188,-0.002033019033264398,False,False,False,False,False,False,-0.004859215222918731
rumodernbert,numeric_conflict_count,one,4485.0,-0.0010443294540372072,-0.004892335570785176,-0.01817699761005389,-0.0013377926421404682,2119.0,-0.019780848295619102,0.026241989530329468,-0.020830781080809727,-0.01793298725814063,18172.0,-0.009077844905206467,0.0037217092743712125,-0.01566093356800422,-0.0015958617653532908,False,False,False,False,False,False,-0.004892335570785176
rumodernbert,numeric_ram_storage_state,both_missing,11647.0,-0.009815388103006528,-0.004918211828918645,-0.01816171251505509,-0.005494977247359835,5660.0,-0.02874278319404211,0.022997902555702294,-0.021605993953934085,-0.020848056537102474,41122.0,-0.00830729104282879,0.009691880539797798,-0.016270180628829654,-0.0014104372355430183,False,False,False,False,False,False,-0.004918211828918645
minilm,title_exact_near,high_nonexact,2017.0,0.01478874831264454,-0.0032841631930449616,-0.0009877467374241739,0.0009915716410510659,1560.0,-0.031966979754557756,-0.005015074780754856,8.479528059512795e-05,0.000641025641025641,4812.0,-0.03340659416507752,0.00729175812851762,-0.004591232517767725,-0.0018703241895261845,False,False,False,False,False,False,-0.005015074780754856
minilm,model_sku_code_state,match,1114.0,-0.031471499608148656,-0.005088840197403389,-0.0007827529745221684,-0.0026929982046678637,775.0,0.0380913306335639,-0.0003439607079650856,-0.0032980412463920433,-0.0025806451612903226,4880.0,-0.03142500584962782,-0.008749950178231347,-0.015365912985779702,-0.0030737704918032786,False,False,False,False,False,False,-0.005088840197403389
minilm,title_code_state,match,1114.0,-0.031471499608148656,-0.005088840197403389,-0.0007827529745221684,-0.0026929982046678637,775.0,0.0380913306335639,-0.0003439607079650856,-0.0032980412463920433,-0.0025806451612903226,4880.0,-0.03142500584962782,-0.008749950178231347,-0.015365912985779702,-0.0030737704918032786,False,False,False,False,False,False,-0.005088840197403389
minilm,category,Хобби и творчество,628.0,-0.0018375602934002089,-0.005131787154831904,-0.009830444910586515,-0.009554140127388535,295.0,-0.043253285574489375,0.018197564787422175,0.012333699369801098,0.04406779661016949,,,,,,False,False,False,False,False,False,-0.005131787154831904
minilm,label,0,8882.0,,-0.005168983983447279,-0.0037168110549063976,-0.002702094122945283,4333.0,,-0.0016429324819409658,-0.0007608725518446316,-0.003000230786983614,32016.0,,-0.01371551586886554,-0.010941979018716456,-0.004903798100949526,False,False,False,False,False,False,-0.005168983983447279
minilm,title_similarity,near_exact,524.0,-0.017244848905086707,-0.00525603435844702,0.0005925695508586746,0.015267175572519083,841.0,-0.08433866452789285,-0.0035142951824836638,-0.0037834172927280036,-0.007134363852556481,1060.0,-0.004990439406348801,-0.011207261334247043,-0.010358197143233275,-0.0037735849056603774,False,False,False,False,False,False,-0.00525603435844702
rumodernbert,category,Хобби и творчество,628.0,0.0005491904500353195,-0.005275069443267259,-0.019104488637497807,-0.006369426751592357,295.0,-0.04834692820246933,0.08802575844363282,-0.005153987324309251,0.010169491525423728,,,,,,False,False,False,False,False,False,-0.005275069443267259
rumodernbert,bge_sequence_length,256-383,1521.0,-0.05228746212198965,-0.005377939882774977,-0.014824708042043713,-0.0026298487836949377,746.0,-0.00756675376721494,-0.002309295851663816,-0.024745544087958374,-0.028150134048257374,4784.0,-0.013605384926708597,0.007245728880530437,-0.019100214010449385,-0.0035535117056856185,False,False,False,False,False,False,-0.005377939882774977
rumodernbert,model_sku_code_state,one_missing,4230.0,-0.017167638095114457,-0.005524464078946711,-0.019586003938076857,-0.007565011820330969,1868.0,-0.028893423813943664,0.012635794615811708,-0.02332880564978816,-0.027837259100642397,13648.0,-0.013352269042179676,0.004403020829627822,-0.017036869998321637,-0.003443728018757327,False,False,False,False,False,False,-0.005524464078946711
rumodernbert,title_code_state,one_missing,4230.0,-0.017167638095114457,-0.005524464078946711,-0.019586003938076857,-0.007565011820330969,1868.0,-0.028893423813943664,0.012635794615811708,-0.02332880564978816,-0.027837259100642397,13648.0,-0.013352269042179676,0.004403020829627822,-0.017036869998321637,-0.003443728018757327,False,False,False,False,False,False,-0.005524464078946711
rumodernbert,missingness,extreme,6484.0,-0.006210176269131673,-0.005544205261699456,-0.016642787002387978,-0.0032387415175817395,2881.0,-0.027423399802540327,0.023984475307037175,-0.018208100993998697,-0.020826102047900034,32608.0,-0.00960585533827496,0.004849189174842705,-0.016661772194306066,-0.0010426889106967614,False,False,False,False,False,False,-0.005544205261699456
rumodernbert,brand_state,one_missing,9532.0,-0.008269621746170519,-0.005748279690088459,-0.018108240210236076,-0.006504406210658833,4656.0,-0.02606165104745839,0.02700733580531323,-0.01976817540330292,-0.016537800687285224,34755.0,-0.00717189056037415,0.007525630618318685,-0.01651336796429577,-0.0021004172061573874,False,False,False,False,False,False,-0.005748279690088459
rumodernbert,title_exact_near,not_near,8271.0,-0.013183442514605348,-0.0057889452525981015,-0.018192211774064136,-0.006649740055616008,2453.0,-0.013652688883775854,0.06329152638560893,-0.011326466222655592,-0.0110069302894415,26996.0,-0.009484609851778791,0.004427245890959795,-0.015840933851672262,-0.002407764113201956,False,False,False,False,False,False,-0.0057889452525981015
rumodernbert,attribute_key_overlap,tiny,1444.0,-0.001704519515721703,-0.005814480666002688,-0.016000839203382956,0.002077562326869806,591.0,-0.03692977269944975,0.05002657035708935,-0.01565927884964664,-0.021996615905245348,9513.0,-0.004780020578790456,0.008369072861234181,-0.01612999053650698,-0.0023126248291811206,False,False,False,False,False,False,-0.005814480666002688
minilm,numeric_ram_storage_state,both_missing,11647.0,-0.0004958461407901238,-0.001996190721449927,-0.0021175604343290546,0.0012878852923499614,5660.0,-0.008906273183011348,-0.005926171282582802,-0.0013645905675068284,-0.0008833922261484099,41122.0,-0.02474026479416158,-0.007703238143640159,-0.009127130581450812,-0.0033801857886289577,False,False,False,False,False,False,-0.005926171282582802
rumodernbert,numeric_weight_state,both_missing,4907.0,-0.017538933161339254,-0.006136655118526494,-0.01771175019515519,-0.004483391073975953,2570.0,-0.03873934110021976,0.019431530884267037,-0.021385132555279324,-0.018287937743190662,23863.0,-0.00919766665270394,0.006784586487869179,-0.016891777381515524,-0.002179105728533713,False,False,False,False,False,False,-0.006136655118526494
rumodernbert,model_attribute_state,one_missing,4285.0,-0.006366277474935678,-0.00618083867462664,-0.017764882435966807,-0.005834305717619603,2088.0,-0.026845615580786242,0.010761862561557464,-0.020650824237741797,-0.022030651340996167,18219.0,-0.012121092276270784,0.005721236756922762,-0.017107650330583153,-0.0019759591635106206,False,False,False,False,False,False,-0.00618083867462664
minilm,numeric_weight_state,both_missing,4907.0,-0.0018076291759575591,-0.0029975762501304767,-0.0035391871843598694,0.0010189525168127166,2570.0,-0.018405976033092408,-0.006715389712913003,-0.0035930662930363034,-0.004669260700389105,23863.0,-0.02239984894813063,-0.00635253954754073,-0.011197255091610516,-0.0048191761304110965,False,False,False,False,False,False,-0.006715389712913003
minilm,bge_score_bin,.025-.05,1324.0,0.11006376316929037,0.0008811917770285532,-0.009131394531996358,-0.0007552870090634441,637.0,-0.01835057671104734,-0.006781038370401181,-0.0041022778196652164,-0.0015698587127158557,6226.0,0.005945769411988364,-0.00013319244540942331,-0.01584257361412968,-0.0014455509155155799,False,False,False,False,False,False,-0.006781038370401181
minilm,numeric_optical_state,both_missing,11494.0,0.0007813084397914061,-0.0012150591423074617,-0.002051807724388753,0.0015660344527579607,5516.0,-0.010027901661252003,-0.006806834621637352,-0.0019102499222856204,-0.0018129079042784628,41163.0,-0.02474512446843402,-0.007687271898573797,-0.009130971694085947,-0.003449699973276972,False,False,False,False,False,False,-0.006806834621637352
minilm,brand_state,conflict,1373.0,0.013686436567738158,-0.003416394336234975,-0.0018554610356110916,0.005098324836125273,585.0,-0.006075952054898914,-0.006818197919065835,-0.0040548049012979126,-0.013675213675213675,3818.0,-0.031868329725535105,0.006491246263327733,-0.00472617039073293,0.0010476689366160294,False,False,False,False,False,False,-0.006818197919065835
rumodernbert,numeric_match_count,multiple,1975.0,-0.00905443436108766,-0.006982598327436589,-0.020289351609005014,-0.0015189873417721519,1035.0,-0.02621553760824702,0.056564183829670725,-0.017587516256700863,-0.015458937198067632,6075.0,-0.0115730573386843,0.0015103753286725367,-0.021550224051492695,-0.004279835390946502,False,False,False,False,False,False,-0.006982598327436589
rumodernbert,numeric_pack_count_state,both_missing,3255.0,-0.018158802718212574,-0.0072019167197117555,-0.016891824090968677,-0.010138248847926268,1750.0,-0.023245549155949785,0.009115726357167016,-0.022643142902180054,-0.025142857142857144,13823.0,-0.016545860509088572,0.008972438337452596,-0.01629481749003021,-0.0018085799030601172,False,False,False,False,False,False,-0.0072019167197117555
minilm,numeric_power_state,conflict,500.0,0.03731621133537011,-0.0007289148640708789,0.0035613156734034417,0.006,194.0,0.03318132031367324,-0.007258344658753201,0.002676833646884128,0.010309278350515464,3331.0,-0.007507808632443491,-0.02125159135338843,-0.0009696435158595155,0.0,False,False,False,False,False,False,-0.007258344658753201
rumodernbert,numeric_size_state,both_missing,8484.0,-0.01026944058746393,-0.007272788633642508,-0.020148865870288062,-0.006129184347006129,3985.0,-0.04227010611437382,0.03112700561980424,-0.023966611644439077,-0.02409033877038896,6748.0,-0.008968812593089792,0.03332113027690976,-0.014105785350561539,-0.0022228808535862477,False,False,False,False,False,False,-0.007272788633642508
rumodernbert,numeric_primary_conflict,power,414.0,-0.014545314599193948,-0.007275988654637163,-0.005494292322874541,-0.0024154589371980675,186.0,-0.0287239766406433,0.025424050602473432,-0.0007532245429609501,-0.005376344086021506,875.0,-0.01207982978654798,0.002120204825313467,-0.019174255837287223,-0.001142857142857143,False,False,False,False,False,False,-0.007275988654637163
rumodernbert,category,Ювелирные изделия,723.0,-0.01917113460311426,-0.0024952469352683034,-0.00652569180733188,-0.011065006915629323,399.0,-0.012399947883188406,-0.007390897612211118,-0.004872146531423661,-0.005012531328320802,,,,,,False,False,False,False,False,False,-0.007390897612211118
rumodernbert,numeric_weight_state,match,1437.0,-0.025489242008525426,-0.007455211920554662,-0.030207513545722608,-0.006263048016701462,706.0,-0.01253190229736667,0.05135400312442108,-0.022898658766759502,-0.0226628895184136,1543.0,-0.01809936276020052,0.006884757061546808,-0.019312562479209625,-0.007128969539857421,False,False,False,False,False,False,-0.007455211920554662
rumodernbert,bge_sequence_length,<128,4622.0,-0.016096521949975795,-0.007580290975360324,-0.020677866199427377,-0.009519688446559932,2414.0,-0.01910591241734194,0.034778210658827975,-0.020755556035903715,-0.012427506213753107,10570.0,-0.014445069199349736,0.023002357229210967,-0.015896964171043814,-0.0011352885525070956,False,False,False,False,False,False,-0.007580290975360324
rumodernbert,numeric_conflict_count,none,4076.0,-0.01102137522602209,-0.007669719731902827,-0.02099486763963564,-0.00858684985279686,2141.0,-0.03459818240153095,0.015817074396784606,-0.02474426428634972,-0.021018215787015414,10044.0,-0.004694258194926526,0.026744349630931235,-0.016113890973367503,-0.0028872958980485862,False,False,False,False,False,False,-0.007669719731902827
minilm,title_exact_near,near_exact,1612.0,-0.017590113940810226,-0.007686039839048159,-0.006443423481352294,0.0037220843672456576,1593.0,-0.03340213421076085,0.001901531699756872,-0.006228932276564469,-0.010043942247332079,8405.0,-0.021058960408179783,-0.01042980071134112,-0.012765358215256994,-0.0027364663890541343,False,False,False,False,False,False,-0.007686039839048159
minilm,numeric_weight_state,one_missing,3618.0,-0.0012849511820588466,-0.00552146447314754,-0.0019932527179700138,-0.0008291873963515755,1623.0,-0.010365232121073265,-0.007697981663474103,-0.0028960963451252326,-0.005545286506469501,8347.0,-0.0210608866951022,-0.009010366636865922,-0.006509972972849705,-0.0010782317000119803,False,False,False,False,False,False,-0.007697981663474103
minilm,attribute_count,10-19,5751.0,0.009679142460449874,0.00192287190534713,-0.00034442338502749557,0.0027821248478525473,2736.0,-0.00022035513931084605,-0.007808536387989898,0.0014101166984402337,0.005482456140350877,16331.0,-0.023128754629457182,-0.010700615135633251,-0.009535603652538525,-0.004592492805094606,False,False,False,False,False,False,-0.007808536387989898
minilm,bge_sequence_length,<128,4622.0,-0.015028045628467046,-0.007965552176296827,-0.006110195094782472,-0.0008654262224145391,2414.0,-0.007810004163100959,0.009820943938503229,-0.0007097013991187399,0.0012427506213753107,10570.0,-0.024332963452341483,0.005948065512677879,-0.010135571731461738,-0.0035950804162724692,False,False,False,False,False,False,-0.007965552176296827
rumodernbert,numeric_power_state,match,259.0,-0.019234756263997177,-0.007996243395817277,-0.013886196494054608,-0.007722007722007722,151.0,-0.015912909666599917,0.012592092819324226,-0.022485553124103854,-0.039735099337748346,4365.0,-0.008156183394332106,0.004101966008360241,-0.019415442312332585,-0.0013745704467353953,False,False,False,False,False,False,-0.007996243395817277
rumodernbert,category,Канцелярские товары,637.0,-0.007276097884182375,-0.008061187625675335,-0.0232174744365519,0.0015698587127158557,282.0,-0.07352436902403398,0.008823634918313252,-0.04728497332828912,-0.05319148936170213,,,,,,False,False,False,False,False,False,-0.008061187625675335
minilm,attribute_agreement,no_common_keys,3061.0,-0.008751207526880855,-0.008259951135994717,-0.006293218764627274,-0.0029402156158118264,1456.0,-0.020303008036364145,0.002646860983187438,-0.0012059428740490597,0.01098901098901099,5150.0,-0.020495578980259666,0.00017946153058865524,-0.007380501162440904,-0.005436893203883495,False,False,False,False,False,False,-0.008259951135994717
minilm,attribute_key_overlap,none,3061.0,-0.008751207526880855,-0.008259951135994717,-0.006293218764627274,-0.0029402156158118264,1456.0,-0.020303008036364145,0.002646860983187438,-0.0012059428740490597,0.01098901098901099,5150.0,-0.020495578980259666,0.00017946153058865524,-0.007380501162440904,-0.005436893203883495,False,False,False,False,False,False,-0.008259951135994717
minilm,attribute_count,1-4,499.0,-0.006863854225772736,-0.00826229265414053,-0.006416586561096769,0.014028056112224449,313.0,0.021258192417356936,0.016918298740362454,0.002465075833690219,0.003194888178913738,623.0,0.021493831163887478,0.1270604407904292,0.009605630402592269,0.01765650080256822,False,True,True,False,False,False,-0.00826229265414053
minilm,title_similarity,exact_token_set,1168.0,-0.01914714529528172,-0.008295216789568332,-0.008584185946396969,0.0008561643835616438,937.0,-0.017491967100229266,0.007384929252494432,-0.006589589136577916,-0.011739594450373533,8270.0,-0.019228175517640556,-0.005770815550208557,-0.012918098634800073,-0.002539298669891173,False,False,False,False,False,False,-0.008295216789568332
rumodernbert,title_similarity,low,3321.0,-0.01278666435873177,-0.008623799834971876,-0.016719595904487315,-0.00331225534477567,875.0,-0.006201013163866731,0.0847926402345611,0.0039001842854943657,0.014857142857142857,9683.0,-0.002457796912833654,0.004495828392408807,-0.014111266711823422,-0.000619642672725395,False,False,False,False,False,False,-0.008623799834971876
rumodernbert,model_sku_code_state,no_evidence,3897.0,-0.015787003115743548,-0.00874051552437624,-0.021619413306541088,-0.00718501411342058,2058.0,-0.004833741857711793,0.033920127537646,-0.0227553438810055,-0.013119533527696793,6094.0,-0.013117162550889905,0.007124335547722996,-0.016383725973474265,-0.002133245815556285,False,False,False,False,False,False,-0.00874051552437624
rumodernbert,title_code_state,both_missing,3897.0,-0.015787003115743548,-0.00874051552437624,-0.021619413306541088,-0.00718501411342058,2058.0,-0.004833741857711793,0.033920127537646,-0.0227553438810055,-0.013119533527696793,6094.0,-0.013117162550889905,0.007124335547722996,-0.016383725973474265,-0.002133245815556285,False,False,False,False,False,False,-0.00874051552437624
minilm,numeric_power_state,both_missing,10973.0,-0.0018542193202341073,-0.002249868009321067,-0.002525312568664911,0.0008201950241501869,5361.0,-0.007534146791987273,-0.008965670906162874,-0.002458592288253708,-0.0024249207237455697,28529.0,-0.02160038076256432,-0.003745884387366855,-0.010336421448098836,-0.003820673700445161,False,False,False,False,False,False,-0.008965670906162874
rumodernbert,bge_score_bin,.95-.975,345.0,0.016307796215518366,-0.009053361948342253,-0.04028807744599771,-0.002898550724637681,132.0,-0.029838832997164944,0.26450253960110093,-0.018506447474161785,-0.015151515151515152,951.0,0.1803922116016181,-0.004763360896083204,-0.032794086515245374,-0.004206098843322818,False,False,False,False,False,False,-0.009053361948342253
rumodernbert,attribute_count,1-4,499.0,-0.002557970602209525,-0.009111899021081988,-0.022262517009621004,-0.02004008016032064,313.0,-0.018896132417095757,0.04460780760450094,-0.022159303258435008,-0.02875399361022364,623.0,-0.002333095603275437,0.12153317959346685,-0.006222588605102433,0.0016051364365971107,False,False,False,False,False,False,-0.009111899021081988
minilm,missingness,high,1102.0,-0.010049425494474407,-0.009182390779023891,-0.0059285992915474196,-0.007259528130671506,653.0,-0.020056801875386554,0.0037823971023274727,-0.0019955100663859187,-0.01225114854517611,995.0,-0.011061756654193178,0.0655258547444441,-0.0016302167674311291,0.008040201005025126,False,False,False,False,False,False,-0.009182390779023891
rumodernbert,numeric_primary_conflict,none,3067.0,-0.01763932189309636,-0.009437164286707772,-0.02424323431577516,-0.011737854581023801,1618.0,-0.032893756605207214,0.007213331530158801,-0.02912597151227131,-0.024103831891223733,7166.0,-0.003032048419267186,0.02361144973181159,-0.016202019001208122,-0.0040468880826123365,False,False,False,False,False,False,-0.009437164286707772
minilm,attribute_count,5-9,2675.0,-0.011204670457330979,-0.009488071073275196,-0.006727756887182559,-0.004485981308411215,1344.0,-0.00927213133562338,0.004589475434365021,-0.005956565078566287,-0.00818452380952381,3075.0,-0.02724779126562782,0.015736879761804143,-0.007735864130441266,-0.0055284552845528455,False,False,False,False,False,False,-0.009488071073275196
minilm,numeric_volume_state,both_missing,10119.0,-0.004471150186731165,-0.001746662732448824,-0.0024274705346721275,0.000988239944658563,5063.0,-0.009709301740065845,-0.009507697686951956,-0.002215946664027314,-0.0009875567845151097,33622.0,-0.02373119394597023,-0.008136040773677432,-0.009665649953411152,-0.004074712985545179,False,False,False,False,False,False,-0.009507697686951956
rumodernbert,attribute_count,5-9,2675.0,-0.023145837459230267,-0.009557759331129092,-0.02158568396401661,-0.011214953271028037,1344.0,-0.01972944877337257,0.03654048609584169,-0.023109887096552484,-0.020833333333333332,3075.0,0.00871827851794671,0.040455826543775116,-0.010116901264849642,0.0006504065040650406,False,False,False,False,False,False,-0.009557759331129092
minilm,bge_score_bin,.05-.10,1144.0,0.08120785693359664,0.0039298315430439665,-0.011549039586669833,-0.0017482517482517483,551.0,0.006062027115601776,-0.009668662687367243,-0.012424594913262827,-0.0018148820326678765,4995.0,0.020927064026399378,0.011013513206528932,-0.016255138640770234,-0.0026026026026026027,False,False,False,False,False,False,-0.009668662687367243
rumodernbert,numeric_optical_state,match,178.0,-0.75,-0.00976856863038536,-0.0021304302013611938,0.0,167.0,-0.045552964690206546,0.003670544436730849,-0.005814390337733555,0.0,,,,,,False,False,False,False,False,False,-0.00976856863038536
rumodernbert,category,Музыкальные инструменты,660.0,-0.019743826329444936,-0.009872653077899038,-0.022806746451092434,-0.012121212121212121,431.0,-0.04371041125692354,0.036886106214262124,-0.022018143817784563,-0.025522041763341066,,,,,,False,False,False,False,False,False,-0.009872653077899038
rumodernbert,numeric_volume_state,match,984.0,-0.023756060667911694,-0.009914709650982656,-0.02134444788680412,-0.0010162601626016261,452.0,0.004902974681084027,0.04027417400247382,-0.023334562279844442,-0.02654867256637168,2745.0,-0.014070530392964464,-0.006940506123739328,-0.021020564728184095,-0.0025500910746812386,False,False,False,False,False,False,-0.009914709650982656
minilm,bge_score_bin,.99-1,43.0,,-0.009990884452757764,-0.009796299213586851,0.0,,,,,,60.0,0.029240109763166378,0.013360789247605205,-0.011787409583727518,0.0,False,False,False,False,False,False,-0.009990884452757764
minilm,numeric_volume_state,conflict,287.0,-0.004425021778766913,-0.010380265541007813,-0.009087767804086936,0.0,89.0,0.08103669162785854,0.08264732083271058,0.01865526092542189,0.0,1758.0,-0.02202927524878595,-0.012285895762072218,-0.006239224150652369,0.0034129692832764505,False,False,False,False,False,False,-0.010380265541007813
rumodernbert,numeric_primary_conflict,pack_count,1357.0,-0.010211620827682788,-0.010522037587927226,-0.017120306993825753,-0.0036845983787767134,609.0,-0.04889878191096575,0.029901558267205454,-0.026048688129658583,-0.014778325123152709,1645.0,0.007188535024519105,0.010762416599808642,-0.01926682341048044,-0.0012158054711246201,False,False,False,False,False,False,-0.010522037587927226
minilm,numeric_conflict_count,none,4076.0,-0.0006130366473875437,-0.004625322115330635,-0.004182908612448127,-0.0002453385672227674,2141.0,-0.020968691012988927,-0.01061858656354341,-0.004205990296220085,-0.003269500233535731,10044.0,-0.018952324032445067,0.003641800848868885,-0.009786843457929576,-0.004281162883313421,False,False,False,False,False,False,-0.01061858656354341
rumodernbert,category,Детские товары,676.0,-0.004550275636149181,-0.011360546819651913,-0.024829074755220084,-0.014792899408284023,294.0,-0.035168024478567705,0.04095602140427,-0.029125820968908315,-0.006802721088435374,,,,,,False,False,False,False,False,False,-0.011360546819651913
rumodernbert,numeric_dimensions_state,one_missing,3927.0,-0.006592217521710686,-0.011510280694164134,-0.020912354014279433,-0.009421950598421186,1826.0,-0.04226704649080787,0.013121167981336185,-0.02638773243277061,-0.023548740416210297,16288.0,-0.01347076818318127,0.009448852269110412,-0.015503428871003332,-0.0018418467583497054,False,False,False,False,False,False,-0.011510280694164134
minilm,missingness,medium,197.0,-0.0030343275301742967,-0.012089071205366597,-0.015352666885343848,0.0,123.0,0.08123364588503568,0.009513533786870563,-0.0033138699401775752,-0.024390243902439025,330.0,0.008143817686927846,0.13834086383164976,0.013745907225617856,0.024242424242424242,False,False,True,False,False,False,-0.012089071205366597
minilm,attribute_agreement,mixed,3204.0,-0.003960410202000331,-5.9590084320655523e-05,-0.0010119916083606265,0.0018726591760299626,1668.0,0.01889296576197319,-0.012826506313465331,-0.003137839672634321,-0.008393285371702638,12908.0,-0.03984273271539562,-0.01820246034823837,-0.012259541297304161,-0.004880694143167028,False,False,False,False,False,False,-0.012826506313465331
rumodernbert,category,Товары для животных,624.0,-0.01311427031582979,-0.012852863499037009,-0.035201232499019124,-0.01282051282051282,319.0,-0.041209122685806954,0.003550576121706905,-0.024085144065305895,-0.003134796238244514,,,,,,False,False,False,False,False,False,-0.012852863499037009
minilm,title_exact_near,not_near,8271.0,-0.006309175707684078,0.0005463429943396006,-0.0013435483608656054,0.0012090436464756377,2453.0,-0.0015893905900530303,-0.013137394152576443,0.00043716157154972474,0.004891969017529555,26996.0,-0.027538981811625618,-0.01079859519782151,-0.008750129452893614,-0.004000592680397096,False,False,False,False,False,False,-0.013137394152576443
minilm,model_attribute_state,match,98.0,-0.017264747051536355,-0.01369644016447663,0.0021059945619508282,-0.04081632653061224,41.0,0.0590131886087768,0.007898723136154421,0.007464566813191262,0.0975609756097561,1944.0,-0.02893087389878568,-0.014734140071503282,-0.022690483743016233,-0.00205761316872428,False,False,False,False,False,False,-0.01369644016447663
minilm,numeric_primary_conflict,volume,449.0,-0.008631247084082139,-0.013785209561335764,-0.0048073375480143735,-0.008908685968819599,174.0,0.0721339232896191,0.039287446959187525,0.01354210897035704,-0.005747126436781609,3539.0,-0.004318500848779161,-0.007812247010293925,-0.006505765559732825,0.0022605255721955355,False,False,False,False,False,False,-0.013785209561335764
rumodernbert,bge_uncertainty,very_confident,1497.0,0.015864681273640047,-0.013804441004489524,-0.031376919773224994,-0.012692050768203072,853.0,-0.044913873232031554,0.0030177598754676837,-0.03025650849035239,-0.0246189917936694,4411.0,0.020509192729498582,0.014553059482703305,-0.010822360139704161,-0.004080707322602585,False,False,False,False,False,False,-0.013804441004489524
minilm,numeric_dimensions_state,one_missing,3927.0,0.00047559154651311,-0.0030044835400222765,-0.003350485127161931,-0.0010185892538833714,1826.0,-0.018558250713926527,-0.013884250791213696,-0.002752716651319657,0.002190580503833516,16288.0,-0.024113424057530808,-0.008057695782136654,-0.008065799419268119,-0.0014120825147347742,False,False,False,False,False,False,-0.013884250791213696
minilm,bge_sequence_length,256-383,1521.0,-0.012826232600691045,0.0008904015226935051,0.0032489119653653473,0.005917159763313609,746.0,0.02795553383047139,-0.014018535561429808,0.0007080059798969481,0.005361930294906166,4784.0,-0.03702665043648057,-0.016453445660779997,-0.008393547851541717,-0.003762541806020067,False,False,False,False,False,False,-0.014018535561429808
minilm,bge_sequence_length,at_384,718.0,0.030622691812338343,0.0006586490488040032,0.0036441342494892984,0.012534818941504178,342.0,-0.011971242812925387,-0.014237884163038046,0.008006217147935759,0.02046783625730994,1079.0,-0.020518391727914476,0.0022788776467822873,-0.008100160087130366,0.008341056533827619,True,False,False,False,False,False,-0.014237884163038046
rumodernbert,title_similarity,very_low,1674.0,-0.03427078464002431,-0.014280164712400793,-0.021020096177867566,-0.004181600955794504,563.0,-0.009635457239334455,-0.005351768158842424,-0.038439570276023655,-0.046181172291296625,8005.0,-0.019111693644481176,-0.009295960737498169,-0.01796534521736595,-0.003622735790131168,False,False,False,False,False,False,-0.014280164712400793
rumodernbert,title_similarity,exact_token_set,1168.0,-0.016654280835933788,-0.004062570970608326,-0.02154205078800073,-0.01113013698630137,937.0,-0.033228457508435116,-0.014406319595871226,-0.031597221334848574,-0.03415154749199573,8270.0,-0.006531037468687995,0.015613783959480564,-0.01692887844235305,-0.0002418379685610641,False,False,False,False,False,False,-0.014406319595871226
rumodernbert,bge_score_bin,.80-.90,525.0,0.00984572523347016,-0.014741269535783773,-0.04033910067308517,-0.009523809523809525,341.0,-0.0589498942108001,0.1077021159064881,-0.0042351219049297124,0.005865102639296188,819.0,0.019875857588097068,-0.0268643230298533,-0.03674853096405665,-0.02564102564102564,False,False,False,False,False,False,-0.014741269535783773
minilm,numeric_size_state,conflict,1053.0,0.0213503671796621,-0.004637417870067482,-0.0018747521496358759,-0.005698005698005698,559.0,0.008801183248628941,-0.014783916880558834,0.0013932914763425805,0.014311270125223614,15239.0,-0.031339022360957314,-0.011732733118048549,-0.008646098965235216,-0.004265371743552727,False,False,False,False,False,False,-0.014783916880558834
minilm,category,Детские товары,676.0,-0.0027863483888963536,-0.015043219379625192,-0.01121609413048484,-0.011834319526627219,294.0,-0.016768110699139194,-0.010475011715401192,-0.008606576660115803,-0.01020408163265306,,,,,,False,False,False,False,False,False,-0.015043219379625192
rumodernbert,missingness,medium,197.0,0.011000474549862638,-0.01524157346573861,-0.031138886896737373,-0.030456852791878174,123.0,0.021340314140149252,0.08264144902082361,-0.020740239205202314,-0.008130081300813009,330.0,-0.020245203814103774,0.11826120426511771,-0.005277904416575576,0.0030303030303030303,False,False,False,False,False,False,-0.01524157346573861
rumodernbert,attribute_agreement,no_common_keys,3061.0,-0.019393333186302653,-0.015253154417962036,-0.02320131639819167,-0.006860503103560928,1456.0,-0.047974984598827985,0.01729874325624149,-0.02947222364117816,-0.0260989010989011,5150.0,-0.020445787328814746,0.021414589346669687,-0.0160849469797187,-0.005631067961165049,False,False,False,False,False,False,-0.015253154417962036
rumodernbert,attribute_key_overlap,none,3061.0,-0.019393333186302653,-0.015253154417962036,-0.02320131639819167,-0.006860503103560928,1456.0,-0.047974984598827985,0.01729874325624149,-0.02947222364117816,-0.0260989010989011,5150.0,-0.020445787328814746,0.021414589346669687,-0.0160849469797187,-0.005631067961165049,False,False,False,False,False,False,-0.015253154417962036
minilm,title_similarity,low,3321.0,-0.008997433286395462,-0.0056077495339093,-0.0025866102953457392,0.00030111412225233364,875.0,-0.006955421437631337,-0.015382930898471604,0.005345076449082366,0.016,9683.0,-0.033839350416393854,-0.013218845134058566,-0.012302564809082104,-0.005370236496953423,False,False,False,False,False,False,-0.015382930898471604
rumodernbert,bge_score_bin,.90-.95,495.0,0.013686932712999256,-0.015468906739642699,-0.0460768213175764,-0.006060606060606061,202.0,0.08032942388929121,0.16174484547294013,-0.018665637120161907,-0.0049504950495049506,818.0,0.00640786826436146,-0.020006151247433854,-0.044401958129371,-0.009779951100244499,False,False,False,False,False,False,-0.015468906739642699
minilm,numeric_primary_conflict,size,1191.0,0.010097256945771349,-0.004357497620858881,-0.0018716766253579701,-0.005037783375314861,636.0,0.018765268234591237,-0.015475017876038515,0.0010170215245119572,0.012578616352201259,16973.0,-0.03052365301266957,-0.012580385909816976,-0.010637639233019955,-0.0047133682908148235,False,False,False,False,False,False,-0.015475017876038515
minilm,category,Обувь,693.0,-0.021977583221272967,0.0022679859167976345,-0.01017175336918499,-0.002886002886002886,325.0,-0.01338192649008868,-0.015620350508116025,-0.013682726833772344,-0.012307692307692308,,,,,,False,False,False,False,False,False,-0.015620350508116025
minilm,numeric_conflict_count,multiple,3439.0,0.014061478799176852,0.0013490669517592071,0.0010010014519096233,0.002617039837161966,1554.0,0.0009929823558004203,-0.01584849109772711,0.0011929156359001868,0.009009009009009009,12955.0,-0.047545743873725566,-0.014127526631880601,-0.008876459576282166,-0.0024700887688151292,True,False,False,False,False,False,-0.01584849109772711
minilm,attribute_agreement,mostly_conflict,4505.0,0.004918064265447164,0.0017760239094633376,-0.0003208411781851344,0.004439511653718091,1981.0,-0.016647872412641762,-0.016960194008724328,-0.0037196774079818087,-0.004543160020191822,19786.0,-0.018587134959818452,-0.006399390967576775,-0.007718906055705666,-0.0028808248256342868,False,False,False,False,False,False,-0.016960194008724328
rumodernbert,bge_score_bin,.99-1,43.0,,-0.01800115878556521,-0.01741498015647711,0.0,,,,,,60.0,0.011631165518223963,0.00567637042640226,-0.012500356634457905,0.0,False,False,False,False,False,False,-0.01800115878556521
minilm,missingness,extreme,6484.0,0.001511320048980691,-0.0014409445115058268,-0.0008242881860130891,0.0015422578655151142,2881.0,-0.004055009118372199,-0.018269435867328935,-0.0006773854199960688,0.0003471017007983339,32608.0,-0.025318712082900485,-0.01231249382868629,-0.009307690003714201,-0.00346540726202159,False,False,False,False,False,False,-0.018269435867328935
minilm,bge_score_bin,.80-.90,525.0,0.01684456452841787,-0.01830579576960903,-0.015874409462724413,-0.005714285714285714,341.0,-0.08134964528130834,0.013277551374935014,-0.004159757272064511,-0.005865102639296188,819.0,0.012243554030104131,-0.030956036135728737,-0.027288025233698998,-0.028083028083028084,False,False,False,False,False,False,-0.01830579576960903
rumodernbert,category,Бытовая химия,642.0,-0.015178106123900692,-0.018413053659976752,-0.03255690460878851,-0.00778816199376947,311.0,-0.0013685499741030727,0.07649583146123921,-0.018831564110503126,-0.02572347266881029,,,,,,False,False,False,False,False,False,-0.018413053659976752
minilm,numeric_primary_conflict,pack_count,1357.0,0.00223678823879514,-0.005241404595865531,0.0006495022691173157,0.0036845983787767134,609.0,0.0022401422391497006,-0.01842391482876034,-0.007297751468065125,-0.006568144499178982,1645.0,-0.02034720504757581,-0.011655031621597717,-0.007993340164781789,-0.00364741641337386,False,False,False,False,False,False,-0.01842391482876034
minilm,bge_sequence_length,128-255,5139.0,0.0046313454693232,0.00391232264317478,-0.0005522647094431898,0.000972951936174353,2312.0,-0.006030507360488879,-0.01895112558271327,-0.004064659036362724,-0.007785467128027681,24738.0,-0.02597009237687531,-0.012247517636698914,-0.008889686525142887,-0.0038402457757296467,False,False,False,False,False,False,-0.01895112558271327
minilm,label,1,3118.0,,0.00995085643953434,0.0030440632489478815,0.013790891597177678,1481.0,,-0.01911924452938672,-0.003070595122757132,0.006076975016880486,9155.0,,0.013408360695756764,-0.002798739907493004,0.0016384489350081922,True,False,False,False,False,False,-0.01911924452938672
minilm,attribute_key_overlap,medium,3566.0,-0.005371499341455199,-0.00226322865601647,-0.0011262750942403832,0.0025238362310712283,1889.0,-0.010663748559511077,-0.019213914601251963,-0.003923782039390856,-0.005293806246691371,11283.0,-0.0335774382460714,-0.01519704332476911,-0.011493084813734728,-0.00452007444828503,False,False,False,False,False,False,-0.019213914601251963
rumodernbert,label,0,8882.0,,-0.019312664803651573,-0.019602761005797813,-0.007655933348344968,4333.0,,-0.012164918838122445,-0.023653326804968622,-0.01892453265635818,32016.0,,-0.02318544800514474,-0.022018682981438404,-0.00312343828085957,False,False,False,False,False,False,-0.019312664803651573
minilm,numeric_weight_state,conflict,2038.0,0.026397617303212106,0.00652396097805966,0.0025350482497346347,0.0068694798822374874,915.0,-0.01980534451952648,-0.01938328567637814,0.001987225775507691,0.012021857923497269,7418.0,0.0048327690032331505,-0.0089617922492959,-0.005327214498074777,-0.0016176867080075492,True,False,False,False,False,False,-0.01938328567637814
minilm,bge_uncertainty,very_confident,1497.0,0.023291410475315244,-0.019541865873328783,-0.01008846111839504,-0.006012024048096192,853.0,-0.03776144321975211,-0.016085774136229847,-0.008199524862641536,-0.016412661195779603,4411.0,0.003515968380618073,-0.005972862468356048,-0.006866885743346095,-0.005894355021537067,False,False,False,False,False,False,-0.019541865873328783
minilm,bge_score_bin,.90-.95,495.0,0.014468062032605422,-0.019820927367524825,-0.02819728393747349,-0.006060606060606061,202.0,0.04621396675331546,0.1156534465229732,-0.003868125600389915,-0.0049504950495049506,818.0,0.010776367632129857,-0.020132749086959802,-0.03383759892839383,-0.007334963325183374,False,False,False,False,False,False,-0.019820927367524825
rumodernbert,category,Электроника,696.0,-0.03678063816789423,-0.019920598795272533,-0.017785909025447817,-0.010057471264367816,407.0,-0.0753812269981306,-0.0034124023330306336,-0.021985355967174384,-0.014742014742014743,,,,,,False,False,False,False,False,False,-0.019920598795272533
minilm,category,Ювелирные изделия,723.0,-0.0022790665639201846,0.002704725454397198,0.00559733244380334,-0.004149377593360996,399.0,0.004517592238945128,-0.020003521740512054,0.007877985824875179,0.020050125313283207,,,,,,False,False,False,False,False,False,-0.020003521740512054
minilm,numeric_dimensions_state,conflict,2263.0,0.0169853194442533,0.0035544254876942313,-0.0011071640309317276,0.004860804242156429,952.0,0.033910623541370366,-0.02030437771043305,-0.0023695897356248237,0.0031512605042016808,8517.0,-0.050147211107713696,-0.01692336861635969,-0.009702196322111733,-0.0023482446870963956,False,False,False,False,False,False,-0.02030437771043305
minilm,category,Дом и сад,668.0,-0.021721498518172067,-0.01178031432511156,-0.0037882026134033217,0.005988023952095809,284.0,-0.020716951499898106,-0.020826619820526228,-0.009291788046641774,0.007042253521126761,,,,,,False,False,False,False,False,False,-0.020826619820526228
minilm,attribute_count,20-39,2909.0,0.00140552827723317,0.0014869263568733303,-0.00041343303356858644,0.0010312822275696115,1361.0,-0.008158155037899406,-0.020827514415002846,-0.0036039896829320717,-0.0073475385745775165,20000.0,-0.03443591653530986,-0.013456538387445954,-0.009642564385642254,-0.00315,False,False,False,False,False,False,-0.020827514415002846
minilm,numeric_pack_count_state,both_missing,3255.0,-0.012199122688449915,-0.004891097143837207,-0.005269367512385343,-0.005837173579109063,1750.0,-0.030861368745109807,-0.020944712843229928,-0.00942578207689803,-0.015428571428571429,13823.0,-0.020970191052394282,-0.00435411416111126,-0.009637359841434988,-0.0018085799030601172,False,False,False,False,False,False,-0.020944712843229928
rumodernbert,category,Дом и сад,668.0,-0.029029812550268153,-0.023105976033436008,-0.021531723004443053,-0.01347305389221557,284.0,-0.016272999426643175,-0.0021591706986836966,-0.029641709053515077,-0.0035211267605633804,,,,,,False,False,False,False,False,False,-0.023105976033436008
minilm,numeric_ram_storage_state,one_missing,155.0,-0.056018518518518357,0.03236856823658177,0.0005171068810253224,0.0064516129032258064,93.0,-0.17807539682539686,-0.023368308042307377,-0.006511874646445991,-0.010752688172043012,42.0,-0.021377115160537752,0.026945417699894163,-0.0046342738409986765,-0.047619047619047616,False,False,False,False,False,False,-0.023368308042307377
minilm,model_attribute_state,one_missing,4285.0,-0.0039040138256474233,-0.0034378971883091665,-0.002756641243576711,0.0014002333722287048,2088.0,-0.012210486793392095,-0.023504450236212754,-0.006972356439518119,-0.01053639846743295,18219.0,-0.019151308023346525,-0.00893333217930962,-0.008438270946627954,-0.003183489763433778,False,False,False,False,False,False,-0.023504450236212754
minilm,brand_state,match,1095.0,0.04006703808064482,0.011389516683428564,0.0052630529598360586,0.0073059360730593605,573.0,0.021501994082790743,-0.023935861739065686,0.0025217245744515284,0.010471204188481676,2598.0,-0.025197804154628023,-0.015054455380088353,-0.006563116169786992,-0.006543494996150885,True,False,False,False,False,False,-0.023935861739065686
minilm,category,Электроника,696.0,-0.020097369956527777,-0.013427601903977253,-0.006672406858656202,-0.0014367816091954023,407.0,-0.057809658554475785,-0.0249753204143658,-0.011014936501178857,-0.004914004914004914,,,,,,False,False,False,False,False,False,-0.0249753204143658
minilm,numeric_match_count,none,5682.0,-0.004625534298199896,-0.004543403402977252,-0.0035682487115577923,-0.0005279831045406547,2694.0,-0.0191397746120191,-0.026056087079932337,-0.005513147129034553,-0.0033407572383073497,24175.0,-0.029057475941720923,-0.010199570330624548,-0.008379509591609382,-0.003640124095139607,False,False,False,False,False,False,-0.026056087079932337
minilm,numeric_size_state,one_missing,2203.0,0.015181726980413757,0.006427686788658369,-0.0016833047580110643,0.0,1106.0,-0.03032077517989734,-0.027306880752969456,-0.007245478070074274,-0.0108499095840868,16133.0,-0.024558235859196587,-0.011744430693584159,-0.007628902582251423,-0.0012396950350213847,False,False,False,False,False,False,-0.027306880752969456
minilm,numeric_optical_state,one_missing,110.0,-0.07116228070175434,-0.02745960070444191,0.0028428534742984497,0.00909090909090909,44.0,0.21875,0.03629934727816037,0.059204722923327194,0.13636363636363635,,,,,,False,False,False,False,False,False,-0.02745960070444191
minilm,numeric_pack_count_state,conflict,1075.0,0.003626590987833911,0.009880858895051133,0.0030406001408930954,-0.0018604651162790699,407.0,-0.006443872955492536,-0.027826222030447347,-0.004851473178725955,0.007371007371007371,1898.0,-0.05555980404941191,-0.022410998968829962,-0.00794167725907985,-0.0005268703898840885,False,False,False,False,False,False,-0.027826222030447347
rumodernbert,category,Автотовары,707.0,-0.015845499336092694,-0.01270975525419548,-0.007434403964929556,-0.002828854314002829,316.0,-0.02545163729591937,-0.029317144862733596,-0.019309813959842336,-0.02531645569620253,,,,,,False,False,False,False,False,False,-0.029317144862733596
rumodernbert,numeric_primary_conflict,volume,449.0,-0.026259809993394945,-0.03187737983277385,-0.03620738033589001,-0.017817371937639197,174.0,0.010948676152038317,0.020753389276766218,-0.030327231837329507,-0.017241379310344827,3539.0,-0.01042999891147356,0.008311573772458869,-0.019744351827617135,0.0008476970895733258,False,False,False,False,False,False,-0.03187737983277385
minilm,numeric_primary_conflict,model_number,1007.0,-0.015554868095648655,-0.006668502949259324,0.0023135077821281797,0.0009930486593843098,521.0,0.004007115915632409,-0.031916360128743965,-0.006072187740932221,-0.01727447216890595,2863.0,-0.039179900329752604,-0.0005741262865223476,-0.0071022615264538435,0.0,False,False,False,False,False,False,-0.031916360128743965
minilm,category,Галантерея и аксессуары,629.0,-0.0003507506534384808,-0.009308833161893024,-0.0019090830651778189,0.00794912559618442,308.0,-0.025999871635505656,-0.0332675025914068,-0.0009944109751341347,-0.012987012987012988,,,,,,False,False,False,False,False,False,-0.0332675025914068
rumodernbert,numeric_volume_state,conflict,287.0,-0.005075185411844152,-0.03358672854660993,-0.03495593113760433,-0.020905923344947737,89.0,0.09724375784747274,0.04485975014525519,-0.017891531731682214,0.02247191011235955,1758.0,-0.0029589230208448836,0.02058260235476962,-0.01952017100241281,0.003981797497155859,False,False,False,False,False,False,-0.03358672854660993
minilm,numeric_primary_conflict,ram_storage,173.0,-0.04512916277622159,0.011577395720192342,0.002921684330399619,0.017341040462427744,45.0,-0.005242905242905244,-0.03365016780852052,-0.0005485086391369501,0.0,,,,,,False,False,False,False,False,False,-0.03365016780852052
minilm,model_attribute_state,conflict,1246.0,0.037564334003726385,0.0014061997110329048,0.004291349913367895,-0.002407704654895666,485.0,-0.02455345955842103,-0.03444196173322074,-0.0006452217705598216,-0.002061855670103093,11247.0,-0.03997027413087162,-0.01219815146350389,-0.008263429235227547,-0.003823241753356451,False,False,False,False,False,False,-0.03444196173322074
minilm,bge_score_bin,.10-.20,972.0,0.04778301609832708,-0.02020949633058482,-0.006963334697846768,-0.006172839506172839,512.0,0.01389617685054867,-0.035642207728626765,-0.010890073199334438,-0.0234375,3592.0,0.028301434799821612,-0.0002765319467585432,-0.0022107294954064995,-0.0008351893095768374,False,False,False,False,False,False,-0.035642207728626765
minilm,category,Спорт и отдых,624.0,0.017769401799721085,0.02013526835651537,0.003259520856469559,0.009615384615384616,300.0,-0.002877600331849667,-0.038083500146532105,-0.0019627308065537363,-0.006666666666666667,,,,,,True,False,False,False,False,False,-0.038083500146532105
minilm,category,Мебель,741.0,-0.0003855886957748744,-0.007335771838332432,-0.005496382570773908,0.001349527665317139,339.0,-0.01380335992251952,-0.038332529020335564,-0.016571905533130663,-0.038348082595870206,,,,,,False,False,False,False,False,False,-0.038332529020335564
rumodernbert,model_attribute_state,conflict,1246.0,0.008255529318845434,0.0027391465782524655,-0.00515856840106907,0.0016051364365971107,485.0,-0.06733412620883744,-0.03921748983248115,-0.024818697458189508,-0.03711340206185567,11247.0,-0.010455060389514048,0.0050420164794380004,-0.016267179525630542,-0.0017782519783053259,False,False,False,False,False,False,-0.03921748983248115
minilm,model_sku_code_state,conflict,2759.0,1.7798550927650147e-05,-0.0021444913944923556,0.0012761137609609255,0.0,1113.0,-0.007517694792783414,-0.04292863928401712,-0.0034162287207659013,-0.006289308176100629,16549.0,-0.040874806704335465,-0.011298060172296313,-0.006611746784176443,-0.0026587709227143632,False,False,False,False,False,False,-0.04292863928401712
minilm,title_code_state,conflict,2759.0,1.7798550927650147e-05,-0.0021444913944923556,0.0012761137609609255,0.0,1113.0,-0.007517694792783414,-0.04292863928401712,-0.0034162287207659013,-0.006289308176100629,16549.0,-0.040874806704335465,-0.011298060172296313,-0.006611746784176443,-0.0026587709227143632,False,False,False,False,False,False,-0.04292863928401712
minilm,bge_score_bin,.60-.80,692.0,0.02991730327457809,-0.007844869295015303,0.0180708938251341,-0.004335260115606936,488.0,0.021271776335183734,-0.043187387312838464,0.011776641728814508,0.0471311475409836,1357.0,0.018634251671834412,-0.05283543505936205,-0.006445803747470535,-0.058953574060427415,False,False,False,False,False,False,-0.043187387312838464
rumodernbert,model_attribute_state,match,98.0,0.030249611499611473,-0.04350080760074047,-0.021079841123036184,-0.05102040816326531,41.0,0.0590131886087768,0.20386724561013536,0.05201185487846776,0.17073170731707318,1944.0,0.003589791168999823,0.014761673057996378,-0.014806037539513945,0.010802469135802469,False,False,False,False,False,False,-0.04350080760074047
minilm,bge_uncertainty,confident,937.0,0.023253624925689276,-0.015834348634478516,0.008015842208282957,-0.025613660618996798,554.0,0.007393496297902591,-0.043776518611047185,0.008575630041397435,0.019855595667870037,2596.0,0.0076946721549783215,-0.03880620054667347,0.0038593539147306296,-0.017334360554699536,False,False,False,False,False,False,-0.043776518611047185
minilm,title_similarity,very_low,1674.0,-0.017860311396842632,-0.0113425695356477,-0.008786520443905675,-0.0017921146953405018,563.0,-0.002756825116462469,-0.0449665863144457,-0.010649726091413453,-0.007104795737122558,8005.0,-0.015935915544049273,-0.00956814387787414,-0.00421404538447075,-0.002623360399750156,False,False,False,False,False,False,-0.0449665863144457
rumodernbert,title_exact_near,exact,100.0,0.0,-0.047608988463434365,-0.04627575427555712,0.01,208.0,0.16666666666666663,-0.04702319660410737,-0.03780145346032581,-0.019230769230769232,958.0,-0.01985246324068901,0.04868895517154428,-0.014738724176782998,0.0010438413361169101,False,False,False,False,False,False,-0.047608988463434365
rumodernbert,attribute_key_overlap,very_high,36.0,0.0,-0.05218065868737023,-0.04135443978723035,-0.05555555555555555,24.0,0.0,0.035771320444113915,-0.04006601034780033,-0.08333333333333333,37.0,0.010124875605803552,0.33405063188423884,0.06399188673979528,0.05405405405405406,False,False,False,False,False,False,-0.05218065868737023
rumodernbert,bge_uncertainty,confident,937.0,-0.0014167285542833197,-0.02188227972348068,-0.009032869741336514,-0.023479188900747065,554.0,-0.013917701087016343,-0.054344220785201305,-0.01746918089244017,-0.039711191335740074,2596.0,0.01763779956006939,-0.01750505182088073,0.0020815261398572675,-0.022727272727272728,False,False,False,False,False,False,-0.054344220785201305
rumodernbert,bge_score_bin,.60-.80,692.0,0.021420685172101495,-0.010316236543093462,-0.0021732103596360697,-0.033236994219653176,488.0,-0.011749495428774126,-0.061936118650313336,-0.009887682457194954,0.0,1357.0,0.04879775940733844,-0.0168204971520019,-0.0028326320575169984,-0.045689019896831246,False,False,False,False,False,False,-0.061936118650313336
minilm,bge_score_bin,.20-.40,1006.0,0.06615666086588373,0.0066927929999469876,0.027396001353596985,0.015904572564612324,574.0,0.024632381378192958,-0.06228633524980342,0.005122840229279073,-0.03832752613240418,3305.0,0.01985919346004006,-0.0471641848067784,0.01440137442336636,0.0,True,False,False,False,False,False,-0.06228633524980342
minilm,category,Автотовары,707.0,-0.006361460448965017,-0.013487510033972958,-0.0008843008322111704,-0.009900990099009901,316.0,-0.010156287812554149,-0.06380222649691472,-0.013451506961372834,-0.028481012658227847,,,,,,False,False,False,False,False,False,-0.06380222649691472
minilm,bge_uncertainty,very_uncertain,344.0,0.11325588951170662,0.019929784023235232,0.048664487768397775,0.09011627906976744,257.0,-0.02698526198169704,-0.06406796476457895,0.020714380687776708,0.0311284046692607,858.0,0.01434851733316167,-0.06182287611132535,0.01825217127643682,0.015151515151515152,True,False,False,False,False,False,-0.06406796476457895
minilm,bge_uncertainty,mid,761.0,0.09007357850874198,0.0212103612040768,0.042778701366031846,0.04862023653088042,508.0,-0.0022111893012758954,-0.0641252167943547,0.007749237032152537,-0.01968503937007874,2066.0,-0.017189833536206622,-0.061391296971341984,0.013954842217457693,-0.016940948693126814,True,False,False,False,False,False,-0.0641252167943547
rumodernbert,bge_score_bin,.10-.20,972.0,0.0413016697518474,-0.013298437939747254,-0.026536235645214103,-0.01440329218106996,512.0,-0.070252962791648,-0.0667036569342549,-0.04758715854040929,-0.044921875,3592.0,0.052733941398977247,0.023996499426407046,-0.004911019965666108,0.0008351893095768374,False,False,False,False,False,False,-0.0667036569342549
minilm,bge_score_bin,.40-.60,696.0,0.060576702029516594,0.00735844304742023,0.04528481348942237,0.031609195402298854,528.0,-0.05280097183260102,-0.07444432674804684,0.014647053215991367,0.020833333333333332,1776.0,0.0056216748216662005,-0.07709212254774268,0.013457686394906125,0.0,True,False,False,False,False,False,-0.07444432674804684
minilm,attribute_key_overlap,very_high,36.0,-0.030952380952380953,-0.07642105592067006,-0.037845903402841136,-0.08333333333333333,24.0,0.0,0.08660655148120687,0.022240347762514528,0.041666666666666664,37.0,0.0001236381061749947,0.3403726759948439,0.05407605340351929,0.05405405405405406,False,False,False,False,False,False,-0.07642105592067006
minilm,bge_uncertainty,uncertain,352.0,0.05776310129275508,-0.004927185633489885,0.04198194998951459,-0.02556818181818182,271.0,-0.07957057810573348,-0.0842846405109666,0.008893167015811174,0.01107011070110701,918.0,0.006971014503618922,-0.09136337902099546,0.008976566538312077,-0.014161220043572984,False,False,False,False,False,False,-0.0842846405109666
rumodernbert,bge_score_bin,.20-.40,1006.0,0.07151827515469755,-0.0025997172904671027,0.014193860928770561,-0.0009940357852882703,574.0,-0.05427927313481584,-0.0889790493839842,-0.029037182770980982,-0.10278745644599303,3305.0,0.024303563033475972,-0.019893518984697052,0.012008864932472335,-0.002118003025718608,False,False,False,False,False,False,-0.0889790493839842
rumodernbert,bge_uncertainty,very_uncertain,344.0,0.026555867507637387,-0.021639468900389182,0.0205759993581058,0.03488372093023256,257.0,-0.1126484542590338,-0.09717178659162422,-0.009189439466375321,-0.019455252918287938,858.0,0.016796914007541686,-0.0339476014777139,0.02296098186428244,0.038461538461538464,False,False,False,False,False,False,-0.09717178659162422
rumodernbert,bge_uncertainty,mid,761.0,0.04332829706242669,0.01412555166737295,0.027909279202506358,-0.002628120893561104,508.0,-0.0552772022535008,-0.10077185419834313,-0.023257097904020408,-0.07283464566929133,2066.0,0.0030227202602377545,-0.020876273161996115,0.014734644259777847,-0.00484027105517909,False,False,False,False,False,False,-0.10077185419834313
rumodernbert,bge_score_bin,.40-.60,696.0,-0.012151947151649245,-0.03512533919191337,0.013869747128765816,-0.021551724137931036,528.0,-0.11092726572638245,-0.11532142590364577,-0.019657903230946624,-0.04924242424242424,1776.0,0.02480421707063174,-0.032705481068329996,0.02292207488056004,0.024774774774774775,False,False,False,False,False,False,-0.11532142590364577
rumodernbert,bge_uncertainty,uncertain,352.0,-0.0351324016520036,-0.04830471243135747,0.007315909722819924,-0.07670454545454546,271.0,-0.1322298274952564,-0.13253344547261087,-0.029585560749377713,-0.07749077490774908,918.0,0.03374012634788648,-0.031544544999428714,0.02288571083695021,0.011982570806100218,False,False,False,False,False,False,-0.13253344547261087
minilm,category,Бытовая техника,,,,,,,,,,,17814.0,-0.0024649104100157304,-0.002105474445858436,-0.005433700104460645,-0.0014595262153362524,False,False,False,False,False,False,
minilm,category,Одежда,,,,,,,,,,,23357.0,-0.047030292288366804,-0.01193884026670479,-0.011951232198290132,-0.004966391231750653,False,False,False,False,False,False,
minilm,missingness,low,,,,,,,,,,,27.0,0.0875850529792157,0.5202420898552392,0.07316374461408015,0.037037037037037035,False,False,False,False,False,False,
rumodernbert,category,Бытовая техника,,,,,,,,,,,17814.0,-0.004854797610071793,0.019558249475762,-0.015567517351347942,-0.0005613562366677894,False,False,False,False,False,False,
rumodernbert,category,Одежда,,,,,,,,,,,23357.0,-0.011641384262969734,0.0023191774830378753,-0.01675085667092453,-0.002012244723209316,False,False,False,False,False,False,
rumodernbert,missingness,low,,,,,,,,,,,27.0,0.03396139725726477,0.5115555707096081,0.09673818145637159,0.07407407407407407,False,False,False,False,False,False,
