kind,pattern,support,negative_support,positive_support,positive_rate,fpr,fnr,false_positives,false_negatives
word,для,9602,6462,3140,0.3270152051655905,0.10600433302383164,0.5945859872611465,685,1867
word,мл,2654,1624,1030,0.38809344385832706,0.16317733990147784,0.512621359223301,265,528
word,см,3350,2242,1108,0.3307462686567164,0.1048171275646744,0.48014440433212996,235,532
word,1,4461,3567,894,0.2004034969737727,0.0625175217269414,0.6040268456375839,223,540
word,с,4717,3660,1057,0.22408310366758533,0.060109289617486336,0.5364238410596026,220,567
word,2,3100,2277,823,0.26548387096774195,0.07949055775142731,0.5820170109356014,181,479
word,3,2370,1721,649,0.2738396624472574,0.08832074375363161,0.5531587057010786,152,359
word,набор,1201,623,578,0.48126561199000834,0.22632423756019263,0.3719723183391003,141,215
word,5,2839,2037,802,0.2824938358576964,0.0662739322533137,0.6246882793017456,135,501
word,в,1408,915,493,0.35014204545454547,0.13989071038251366,0.4908722109533469,128,242
word,игрушка,584,256,328,0.5616438356164384,0.4921875,0.28353658536585363,126,93
word,и,1406,867,539,0.3833570412517781,0.14302191464821223,0.48237476808905383,124,260
word,х,2587,1941,646,0.2497100889060688,0.0633693972179289,0.5309597523219814,123,343
word,на,2115,1690,425,0.20094562647754138,0.07041420118343195,0.6541176470588236,119,278
word,средство,612,306,306,0.5,0.369281045751634,0.3562091503267974,113,109
word,г,1784,1218,566,0.3172645739910314,0.08210180623973727,0.5671378091872792,100,321
word,мягкая,402,207,195,0.48507462686567165,0.47342995169082125,0.22564102564102564,98,44
word,шт,2538,1918,620,0.24428684003152087,0.05005213764337852,0.5806451612903226,96,360
word,кг,1265,768,497,0.39288537549407115,0.11848958333333333,0.5513078470824949,91,274
word,цвет,2391,2103,288,0.12045169385194479,0.04184498335710889,0.4479166666666667,88,129
word,мягкая игрушка,334,161,173,0.5179640718562875,0.5341614906832298,0.2138728323699422,86,37
word,100,1114,761,353,0.31687612208258525,0.11038107752956636,0.6487252124645893,84,229
word,мм,2124,1708,416,0.1958568738229755,0.043911007025761124,0.6995192307692307,75,291
word,4,1570,1120,450,0.28662420382165604,0.06607142857142857,0.6555555555555556,74,295
word,20,930,612,318,0.3419354838709677,0.12091503267973856,0.5723270440251572,74,182
word,корм,870,566,304,0.34942528735632183,0.13074204946996468,0.6085526315789473,74,185
word,50,1082,813,269,0.24861367837338263,0.08118081180811808,0.620817843866171,66,167
word,л,786,511,275,0.34987277353689566,0.12720156555772993,0.6181818181818182,65,170
word,средство для,341,176,165,0.4838709677419355,0.3693181818181818,0.3333333333333333,65,55
word,от,309,164,145,0.4692556634304207,0.38414634146341464,0.3103448275862069,63,45
word,10,1398,986,412,0.2947067238912732,0.060851926977687626,0.5970873786407767,60,246
word,6,1424,1075,349,0.24508426966292135,0.052093023255813956,0.6103151862464183,56,213
word,12,791,484,307,0.38811630847029077,0.11570247933884298,0.5700325732899023,56,175
word,40,599,418,181,0.3021702838063439,0.12679425837320574,0.5303867403314917,53,96
word,500,605,368,237,0.39173553719008264,0.14130434782608695,0.540084388185654,52,128
word,набор для,203,85,118,0.5812807881773399,0.6,0.2033898305084746,51,24
word,гель,450,251,199,0.44222222222222224,0.199203187250996,0.5477386934673367,50,109
word,мытья,241,134,107,0.44398340248962653,0.373134328358209,0.34579439252336447,50,37
word,для мытья,236,132,104,0.4406779661016949,0.3712121212121212,0.34615384615384615,49,36
word,собак,651,430,221,0.33947772657450076,0.11162790697674418,0.583710407239819,48,129
word,30,706,484,222,0.31444759206798867,0.09710743801652892,0.5315315315315315,47,118
word,конструктор,339,97,242,0.7138643067846607,0.4845360824742268,0.22727272727272727,47,55
word,машина,239,171,68,0.28451882845188287,0.27485380116959063,0.23529411764705882,47,16
word,кошек,567,336,231,0.4074074074074074,0.13392857142857142,0.5974025974025974,45,138
word,посуды,237,125,112,0.47257383966244726,0.36,0.33035714285714285,45,37
word,стирки,231,122,109,0.47186147186147187,0.36885245901639346,0.48623853211009177,45,53
word,для стирки,227,120,107,0.4713656387665198,0.375,0.48598130841121495,45,52
word,алмазная,208,138,70,0.33653846153846156,0.32608695652173914,0.5428571428571428,45,38
word,250,443,260,183,0.41309255079006774,0.16923076923076924,0.4918032786885246,44,90
word,мозаика,190,128,62,0.3263157894736842,0.34375,0.532258064516129,44,33
word,60,710,550,160,0.22535211267605634,0.07818181818181819,0.55,43,88
word,белья,286,173,113,0.3951048951048951,0.24855491329479767,0.5132743362831859,43,58
word,алмазная мозаика,175,124,51,0.2914285714285714,0.3467741935483871,0.6078431372549019,43,31
word,0,1281,1057,224,0.17486338797814208,0.03878902554399243,0.6651785714285714,41,149
word,порошок,321,175,146,0.45482866043613707,0.2342857142857143,0.4863013698630137,41,71
word,средство для мытья,167,94,73,0.437125748502994,0.43617021276595747,0.3150684931506849,41,23
word,8,1472,1176,296,0.20108695652173914,0.034013605442176874,0.5709459459459459,40,169
word,7,794,572,222,0.2795969773299748,0.06993006993006994,0.5495495495495496,40,122
word,9,426,259,167,0.392018779342723,0.15444015444015444,0.6167664670658682,40,103
word,сухой,350,209,141,0.40285714285714286,0.18181818181818182,0.5177304964539007,38,73
word,x,779,623,156,0.20025673940949937,0.0593900481540931,0.6730769230769231,37,105
word,250 мл,230,119,111,0.4826086956521739,0.31092436974789917,0.3963963963963964,37,44
word,творчества,148,77,71,0.4797297297297297,0.4675324675324675,0.2535211267605634,36,18
word,черный,935,669,266,0.28449197860962566,0.052316890881913304,0.6616541353383458,35,176
word,мытья посуды,187,101,86,0.45989304812834225,0.3465346534653465,0.3372093023255814,35,29
word,для мытья посуды,185,100,85,0.4594594594594595,0.35,0.3411764705882353,35,29
word,м,860,672,188,0.2186046511627907,0.050595238095238096,0.648936170212766,34,122
word,гр,456,349,107,0.23464912280701755,0.09742120343839542,0.514018691588785,34,55
word,s,572,401,171,0.29895104895104896,0.08229426433915212,0.6491228070175439,33,111
word,воздуха,165,95,70,0.42424242424242425,0.3473684210526316,0.4142857142857143,33,29
word,для творчества,134,66,68,0.5074626865671642,0.5,0.22058823529411764,33,15
word,300,292,197,95,0.3253424657534247,0.16243654822335024,0.5157894736842106,32,49
word,100 мл,225,138,87,0.38666666666666666,0.2318840579710145,0.6896551724137931,32,60
word,в 1,201,132,69,0.34328358208955223,0.24242424242424243,0.43478260869565216,32,30
word,вытяжка,124,93,31,0.25,0.34408602150537637,0.41935483870967744,32,13
word,из,987,804,183,0.18541033434650456,0.03855721393034826,0.639344262295082,31,117
word,25,779,615,164,0.21052631578947367,0.05040650406504065,0.6097560975609756,31,100
word,500 мл,243,138,105,0.43209876543209874,0.2246376811594203,0.4095238095238095,31,43
word,освежитель,131,77,54,0.4122137404580153,0.4025974025974026,0.2222222222222222,31,12
word,15,499,301,198,0.3967935871743487,0.09966777408637874,0.5252525252525253,30,104
word,для собак,394,269,125,0.31725888324873097,0.11152416356877323,0.592,30,74
word,кукла,108,46,62,0.5740740740740741,0.6521739130434783,0.20967741935483872,30,13
word,гель для,170,87,83,0.48823529411764705,0.3333333333333333,0.4578313253012048,29,38
word,варочная,152,117,35,0.23026315789473684,0.24786324786324787,0.34285714285714286,29,12
word,освежитель воздуха,118,70,48,0.4067796610169492,0.4142857142857143,0.25,29,12
word,d,722,508,214,0.296398891966759,0.05511811023622047,0.6542056074766355,28,140
word,микс,140,82,58,0.4142857142857143,0.34146341463414637,0.39655172413793105,28,23
word,16,678,551,127,0.1873156342182891,0.04900181488203267,0.6535433070866141,27,83
word,а,463,354,109,0.23542116630669546,0.07344632768361582,0.7706422018348624,26,84
word,80,336,228,108,0.32142857142857145,0.11403508771929824,0.6666666666666666,26,72
word,корм для,303,196,107,0.35313531353135313,0.1326530612244898,0.5700934579439252,26,61
word,волос,298,168,130,0.436241610738255,0.15476190476190477,0.6076923076923076,26,79
word,игра,246,38,208,0.8455284552845529,0.6842105263157895,0.15384615384615385,26,32
word,grass,186,72,114,0.6129032258064516,0.3611111111111111,0.38596491228070173,26,44
word,кондиционер,177,89,88,0.4971751412429379,0.29213483146067415,0.5681818181818182,26,50
word,200,504,366,138,0.27380952380952384,0.06830601092896176,0.6376811594202898,25,88
word,2 шт,329,241,88,0.2674772036474164,0.1037344398340249,0.4772727272727273,25,42
word,24,320,204,116,0.3625,0.12254901960784313,0.603448275862069,25,70
word,1 5,267,165,102,0.38202247191011235,0.15151515151515152,0.6274509803921569,25,64
word,вода,187,126,61,0.32620320855614976,0.1984126984126984,0.7377049180327869,25,45
word,молнии,168,125,43,0.25595238095238093,0.2,0.7441860465116279,25,32
word,панель,144,114,30,0.20833333333333334,0.21929824561403508,0.4,25,12
word,на молнии,159,118,41,0.2578616352201258,0.2033898305084746,0.7317073170731707,24,30
word,варочная панель,111,88,23,0.2072072072072072,0.2727272727272727,0.30434782608695654,24,7
word,pro,679,566,113,0.16642120765832105,0.04063604240282685,0.7522123893805309,23,85
word,стиральный,247,127,120,0.48582995951417,0.18110236220472442,0.4666666666666667,23,56
word,1 л,180,107,73,0.40555555555555556,0.21495327102803738,0.4931506849315068,23,36
word,18,277,165,112,0.4043321299638989,0.13333333333333333,0.5535714285714286,22,62
word,водонагреватель,117,70,47,0.4017094017094017,0.3142857142857143,0.40425531914893614,22,19
word,электрическая,117,75,42,0.358974358974359,0.29333333333333333,0.6666666666666666,22,28
word,белый,410,279,131,0.3195121951219512,0.07526881720430108,0.4961832061068702,21,65
word,рюкзак,331,225,106,0.3202416918429003,0.09333333333333334,0.7735849056603774,21,82
word,32,207,158,49,0.23671497584541062,0.13291139240506328,0.5510204081632653,21,27
word,300 мл,131,76,55,0.4198473282442748,0.27631578947368424,0.4727272727272727,21,26
word,чистящее,121,53,68,0.5619834710743802,0.39622641509433965,0.2647058823529412,21,18
word,зубная,103,49,54,0.5242718446601942,0.42857142857142855,0.6481481481481481,21,35
word,70,289,219,70,0.2422145328719723,0.091324200913242,0.5142857142857142,20,36
word,электрический,200,151,49,0.245,0.13245033112582782,0.673469387755102,20,33
word,пород,191,132,59,0.3089005235602094,0.15151515151515152,0.4406779661016949,20,26
word,сухой корм,183,115,68,0.37158469945355194,0.17391304347826086,0.47058823529411764,20,32
word,750,153,73,80,0.5228758169934641,0.273972602739726,0.5,20,40
word,газовая,131,93,38,0.2900763358778626,0.21505376344086022,0.4473684210526316,20,17
word,5 см,274,133,141,0.5145985401459854,0.14285714285714285,0.41134751773049644,19,58
word,35,192,114,78,0.40625,0.16666666666666666,0.47435897435897434,19,37
word,75,674,581,93,0.13798219584569732,0.03098106712564544,0.5913978494623656,18,55
word,g,356,282,74,0.20786516853932585,0.06382978723404255,0.6756756756756757,18,50
word,стиральный порошок,199,105,94,0.4723618090452261,0.17142857142857143,0.44680851063829785,18,42
word,26,157,89,68,0.43312101910828027,0.20224719101123595,0.6470588235294118,18,44
word,для белья,122,64,58,0.47540983606557374,0.28125,0.5862068965517241,18,34
word,машинка,115,73,42,0.3652173913043478,0.2465753424657534,0.5714285714285714,18,24
word,20 см,104,51,53,0.5096153846153846,0.35294117647058826,0.37735849056603776,18,20
word,90,336,222,114,0.3392857142857143,0.07657657657657657,0.6140350877192983,17,70
word,600,209,133,76,0.36363636363636365,0.12781954887218044,0.3815789473684211,17,29
word,велосипед,204,177,27,0.1323529411764706,0.096045197740113,0.8518518518518519,17,23
word,для волос,178,100,78,0.43820224719101125,0.17,0.6538461538461539,17,51
word,комплект,556,465,91,0.16366906474820145,0.034408602150537634,0.8351648351648352,16,76
word,150,255,170,85,0.3333333333333333,0.09411764705882353,0.6470588235294118,16,55
word,400,251,149,102,0.4063745019920319,0.10738255033557047,0.4803921568627451,16,49
word,со,246,174,72,0.2926829268292683,0.09195402298850575,0.5416666666666666,16,39
word,5 кг,239,125,114,0.4769874476987448,0.128,0.6228070175438597,16,71
word,шампунь,229,100,129,0.5633187772925764,0.16,0.5813953488372093,16,75
word,no,534,426,108,0.20224719101123595,0.035211267605633804,0.6666666666666666,15,72
word,r,423,338,85,0.20094562647754138,0.04437869822485207,0.6470588235294118,15,55
word,m,381,279,102,0.2677165354330709,0.053763440860215055,0.6568627450980392,15,67
word,f,324,266,58,0.17901234567901234,0.05639097744360902,0.7068965517241379,15,41
word,v,323,226,97,0.30030959752321984,0.06637168141592921,0.711340206185567,15,69
word,мыло,114,64,50,0.43859649122807015,0.234375,0.54,15,27
word,детский,114,68,46,0.40350877192982454,0.22058823529411764,0.5869565217391305,15,27
word,mr,104,71,33,0.3173076923076923,0.2112676056338028,0.5151515151515151,15,17
word,кондиционер для,102,50,52,0.5098039215686274,0.3,0.5769230769230769,15,30
word,печь,100,74,26,0.26,0.20270270270270271,0.34615384615384615,15,9
word,electrolux,100,58,42,0.42,0.25862068965517243,0.4523809523809524,15,19
word,гитара,557,478,79,0.14183123877917414,0.029288702928870293,0.5569620253164557,14,44
word,14,322,217,105,0.32608695652173914,0.06451612903225806,0.5904761904761905,14,62
word,11,245,153,92,0.37551020408163266,0.0915032679738562,0.6304347826086957,14,58
word,крем,225,100,125,0.5555555555555556,0.14,0.72,14,90
word,calligrata,131,92,39,0.29770992366412213,0.15217391304347827,0.7692307692307693,14,30
word,5 л,184,121,63,0.3423913043478261,0.10743801652892562,0.6507936507936508,13,41
word,чайник,169,128,41,0.24260355029585798,0.1015625,0.6829268292682927,13,28
word,22,140,89,51,0.36428571428571427,0.14606741573033707,0.5098039215686274,13,26
word,2 кг,122,69,53,0.4344262295081967,0.18840579710144928,0.5471698113207547,13,29
word,цвета,116,77,39,0.33620689655172414,0.16883116883116883,0.358974358974359,13,14
word,a,562,407,155,0.27580071174377224,0.029484029484029485,0.7483870967741936,12,116
word,c,479,354,125,0.2609603340292276,0.03389830508474576,0.592,12,74
word,l,281,187,94,0.33451957295373663,0.06417112299465241,0.7021276595744681,12,66
word,b,262,181,81,0.30916030534351147,0.06629834254143646,0.6049382716049383,12,49
word,блок,262,207,55,0.2099236641221374,0.057971014492753624,0.6727272727272727,12,37
word,canin,219,128,91,0.4155251141552511,0.09375,0.6703296703296703,12,61
word,45,211,155,56,0.26540284360189575,0.07741935483870968,0.5714285714285714,12,32
word,пластик,198,130,68,0.3434343434343434,0.09230769230769231,0.5,12,34
word,23,171,101,70,0.4093567251461988,0.1188118811881188,0.6571428571428571,12,46
word,синий,170,101,69,0.40588235294117647,0.1188118811881188,0.5652173913043478,12,39
word,85,168,117,51,0.30357142857142855,0.10256410256410256,0.7843137254901961,12,40
word,а 4,168,125,43,0.25595238095238093,0.096,0.7209302325581395,12,31
word,зеленый,163,104,59,0.3619631901840491,0.11538461538461539,0.576271186440678,12,34
word,55,139,98,41,0.2949640287769784,0.12244897959183673,0.5121951219512195,12,21
word,универсальный,126,94,32,0.25396825396825395,0.1276595744680851,0.5,12,16
word,1 5 кг,109,54,55,0.5045871559633027,0.2222222222222222,0.6909090909090909,12,38
word,plan,109,75,34,0.3119266055045872,0.16,0.7058823529411765,12,24
word,кофе,423,283,140,0.3309692671394799,0.038869257950530034,0.6928571428571428,11,97
word,13,198,129,69,0.3484848484848485,0.08527131782945736,0.5652173913043478,11,39
word,3 шт,177,133,44,0.24858757062146894,0.08270676691729323,0.5909090909090909,11,26
word,к,153,115,38,0.24836601307189543,0.09565217391304348,0.6578947368421053,11,25
word,k,137,104,33,0.24087591240875914,0.10576923076923077,0.5757575757575758,11,19
word,450,136,84,52,0.38235294117647056,0.13095238095238096,0.5192307692307693,11,27
word,игровой,133,90,43,0.3233082706766917,0.12222222222222222,0.3023255813953488,11,13
word,50 мл,116,64,52,0.4482758620689655,0.171875,0.5769230769230769,11,30
word,чехол,523,444,79,0.15105162523900573,0.02252252252252252,0.6329113924050633,10,50
word,гитары,433,327,106,0.24480369515011546,0.03058103975535168,0.6792452830188679,10,72
word,120,252,189,63,0.25,0.05291005291005291,0.6984126984126984,10,44
word,без,215,180,35,0.16279069767441862,0.05555555555555555,0.7142857142857143,10,25
word,папка,195,143,52,0.26666666666666666,0.06993006993006994,0.8653846153846154,10,45
word,17,191,119,72,0.3769633507853403,0.08403361344537816,0.5277777777777778,10,38
word,настольная,182,37,145,0.7967032967032966,0.2702702702702703,0.1724137931034483,10,25
word,1 кг,173,104,69,0.3988439306358382,0.09615384615384616,0.5217391304347826,10,36
word,масло,157,110,47,0.29936305732484075,0.09090909090909091,0.574468085106383,10,27
word,air,147,130,17,0.11564625850340136,0.07692307692307693,0.6470588235294118,10,11
word,dr,147,103,44,0.29931972789115646,0.0970873786407767,0.5909090909090909,10,26
word,бумага,133,90,43,0.3233082706766917,0.1111111111111111,0.7906976744186046,10,34
word,холодильник,125,98,27,0.216,0.10204081632653061,0.3333333333333333,10,9
word,для кошек,246,154,92,0.37398373983739835,0.05844155844155844,0.5434782608695652,9,50
word,размер,241,189,52,0.2157676348547718,0.047619047619047616,0.7115384615384616,9,37
word,платье,241,198,43,0.17842323651452283,0.045454545454545456,0.5348837209302325,9,23
word,e,226,157,69,0.3053097345132743,0.05732484076433121,0.6521739130434783,9,45
word,p,190,138,52,0.2736842105263158,0.06521739130434782,0.5961538461538461,9,31
word,samsung,186,145,41,0.22043010752688172,0.06206896551724138,0.926829268292683,9,38
word,1000,149,90,59,0.3959731543624161,0.1,0.6271186440677966,9,37
word,5 х,129,71,58,0.4496124031007752,0.1267605633802817,0.3103448275862069,9,18
word,65,128,86,42,0.328125,0.10465116279069768,0.5714285714285714,9,24
word,маркер,119,85,34,0.2857142857142857,0.10588235294117647,0.7352941176470589,9,25
word,очки,1907,1868,39,0.02045097011012061,0.004282655246252677,0.7948717948717948,8,31
word,64,470,439,31,0.06595744680851064,0.018223234624145785,0.7096774193548387,8,22
word,сумка,364,284,80,0.21978021978021978,0.028169014084507043,0.6875,8,55
word,краска,267,233,34,0.12734082397003746,0.034334763948497854,0.8529411764705882,8,29
word,t,234,168,66,0.28205128205128205,0.047619047619047616,0.6515151515151515,8,43
word,6 шт,193,150,43,0.22279792746113988,0.05333333333333334,0.627906976744186,8,27
word,ресницы,191,179,12,0.06282722513089005,0.0446927374301676,0.9166666666666666,8,11
word,10 шт,187,134,53,0.28342245989304815,0.05970149253731343,0.6415094339622641,8,34
word,вт,172,115,57,0.3313953488372093,0.06956521739130435,0.5964912280701754,8,34
word,цветов,149,84,65,0.436241610738255,0.09523809523809523,0.4461538461538462,8,29
word,пазл,134,32,102,0.7611940298507462,0.25,0.4117647058823529,8,42
word,bosch,113,79,34,0.3008849557522124,0.10126582278481013,0.6764705882352942,8,23
word,5 м,107,79,28,0.2616822429906542,0.10126582278481013,0.6071428571428571,8,17
word,шкаф,514,471,43,0.08365758754863813,0.014861995753715499,0.7209302325581395,7,31
word,чай,360,278,82,0.22777777777777777,0.025179856115107913,0.7439024390243902,7,61
word,h,209,160,49,0.23444976076555024,0.04375,0.7142857142857143,7,35
word,акустическая,195,168,27,0.13846153846153847,0.041666666666666664,0.5185185185185185,7,14
word,black,183,131,52,0.28415300546448086,0.05343511450381679,0.6730769230769231,7,35
word,2 5,172,112,60,0.3488372093023256,0.0625,0.5833333333333334,7,35
word,листов,170,112,58,0.3411764705882353,0.0625,0.7241379310344828,7,42
word,n,168,117,51,0.30357142857142855,0.05982905982905983,0.7058823529411765,7,36
word,0 5,139,104,35,0.2517985611510791,0.0673076923076923,0.6285714285714286,7,22
word,21,131,82,49,0.37404580152671757,0.08536585365853659,0.5510204081632653,7,27
word,под,126,87,39,0.30952380952380953,0.08045977011494253,0.5641025641025641,7,22
word,12 шт,117,65,52,0.4444444444444444,0.1076923076923077,0.7115384615384616,7,37
word,настольная игра,114,9,105,0.9210526315789473,0.7777777777777778,0.14285714285714285,7,15
word,01,114,79,35,0.30701754385964913,0.08860759493670886,0.5714285714285714,7,20
word,картина,102,94,8,0.0784313725490196,0.07446808510638298,0.375,7,3
word,20 мл,101,81,20,0.19801980198019803,0.08641975308641975,0.8,7,16
word,часы,713,643,70,0.09817671809256662,0.00933125972006221,0.8,6,56
word,i,333,294,39,0.11711711711711711,0.02040816326530612,0.6923076923076923,6,27
word,светильник,303,193,110,0.36303630363036304,0.031088082901554404,0.8636363636363636,6,95
word,w,281,198,83,0.29537366548042704,0.030303030303030304,0.6626506024096386,6,55
word,укулеле,169,140,29,0.17159763313609466,0.04285714285714286,0.6206896551724138,6,18
word,арт,151,109,42,0.2781456953642384,0.05504587155963303,0.6904761904761905,6,29
word,farmina,147,97,50,0.3401360544217687,0.061855670103092786,0.8,6,40
word,28,135,78,57,0.4222222222222222,0.07692307692307693,0.631578947368421,6,36
word,xiaomi,134,98,36,0.26865671641791045,0.061224489795918366,0.7777777777777778,6,28
word,розовый,134,66,68,0.5074626865671642,0.09090909090909091,0.5882352941176471,6,40
word,19,131,83,48,0.366412213740458,0.07228915662650602,0.5,6,24
word,акустической,126,94,32,0.25396825396825395,0.06382978723404255,0.59375,6,19
word,110,121,85,36,0.2975206611570248,0.07058823529411765,0.6944444444444444,6,25
word,до,120,77,43,0.35833333333333334,0.07792207792207792,0.5348837209302325,6,23
word,см цвет,117,59,58,0.49572649572649574,0.1016949152542373,0.3103448275862069,6,18
word,1 2,115,73,42,0.3652173913043478,0.0821917808219178,0.6190476190476191,6,26
word,в зернах,113,75,38,0.336283185840708,0.08,0.5526315789473685,6,21
word,зернах,113,75,38,0.336283185840708,0.08,0.5526315789473685,6,21
word,220,111,83,28,0.25225225225225223,0.07228915662650602,0.7857142857142857,6,22
word,для акустической,110,80,30,0.2727272727272727,0.075,0.6,6,18
word,стекло,109,94,15,0.13761467889908258,0.06382978723404255,0.6,6,9
word,56,895,878,17,0.01899441340782123,0.0056947608200455585,0.5294117647058824,5,9
word,наручные,544,500,44,0.08088235294117647,0.01,0.8636363636363636,5,38
word,серый,235,170,65,0.2765957446808511,0.029411764705882353,0.7076923076923077,5,46
word,кровать,233,216,17,0.07296137339055794,0.023148148148148147,0.8823529411764706,5,15
word,фильтр,232,160,72,0.3103448275862069,0.03125,0.7222222222222222,5,52
word,plus,165,135,30,0.18181818181818182,0.037037037037037035,0.9,5,27
word,семена,165,139,26,0.15757575757575756,0.03597122302158273,0.6538461538461539,5,17
word,color,151,98,53,0.3509933774834437,0.05102040816326531,0.5094339622641509,5,27
word,160,140,99,41,0.29285714285714287,0.050505050505050504,0.7560975609756098,5,31
word,красный,132,73,59,0.44696969696969696,0.0684931506849315,0.4576271186440678,5,27
word,100 г,130,87,43,0.33076923076923076,0.05747126436781609,0.5581395348837209,5,24
word,кухни,129,93,36,0.27906976744186046,0.053763440860215055,0.3333333333333333,5,12
word,attache,126,85,41,0.3253968253968254,0.058823529411764705,0.9024390243902439,5,37
word,деталей,120,28,92,0.7666666666666667,0.17857142857142858,0.16304347826086957,5,15
word,бежевый,112,85,27,0.24107142857142858,0.058823529411764705,0.48148148148148145,5,13
word,240,112,95,17,0.15178571428571427,0.05263157894736842,0.7647058823529411,5,13
word,light,110,65,45,0.4090909090909091,0.07692307692307693,0.7777777777777778,5,35
word,акустической гитары,109,80,29,0.26605504587155965,0.0625,0.5517241379310345,5,16
word,classic,105,71,34,0.3238095238095238,0.07042253521126761,0.6470588235294118,5,22
word,33,101,66,35,0.3465346534653465,0.07575757575757576,0.45714285714285713,5,16
word,кожа,101,85,16,0.15841584158415842,0.058823529411764705,0.6875,5,11
word,1 шт,100,77,23,0.23,0.06493506493506493,0.5217391304347826,5,12
word,62,497,486,11,0.022132796780684104,0.00823045267489712,0.5454545454545454,4,6
word,струны,317,242,75,0.23659305993690852,0.01652892561983471,0.6533333333333333,4,49
word,очки для,228,218,10,0.043859649122807015,0.01834862385321101,1.0,4,10
word,по,194,107,87,0.4484536082474227,0.037383177570093455,0.47126436781609193,4,41
word,gold,184,134,50,0.2717391304347826,0.029850746268656716,0.78,4,39
word,27,174,112,62,0.3563218390804598,0.03571428571428571,0.6451612903225806,4,40
word,стул,162,125,37,0.22839506172839505,0.032,0.9459459459459459,4,35
word,чехол для,134,103,31,0.23134328358208955,0.038834951456310676,0.6774193548387096,4,21
word,классическая,132,99,33,0.25,0.04040404040404041,0.48484848484848486,4,16
word,люстра,124,93,31,0.25,0.043010752688172046,0.8064516129032258,4,25
word,кофе в,121,83,38,0.3140495867768595,0.04819277108433735,0.6578947368421053,4,25
word,5 шт,120,81,39,0.325,0.04938271604938271,0.6153846153846154,4,24
word,акустическая гитара,119,102,17,0.14285714285714285,0.0392156862745098,0.5294117647058824,4,9
word,конфеты,113,72,41,0.36283185840707965,0.05555555555555555,0.7317073170731707,4,30
word,2 х,109,75,34,0.3119266055045872,0.05333333333333334,0.4117647058823529,4,14
word,ip,109,79,30,0.27522935779816515,0.05063291139240506,0.8333333333333334,4,25
word,коричневый,105,80,25,0.23809523809523808,0.05,0.6,4,15
word,40 мм,100,92,8,0.08,0.043478260869565216,0.5,4,4
word,кольцо,1620,1376,244,0.1506172839506173,0.002180232558139535,0.9754098360655737,3,238
word,золото,305,268,37,0.12131147540983607,0.011194029850746268,0.8378378378378378,3,31
word,воблер,237,208,29,0.12236286919831224,0.014423076923076924,0.8275862068965517,3,24
word,blue,233,208,25,0.1072961373390558,0.014423076923076924,0.8,3,20
word,ручка,194,135,59,0.30412371134020616,0.022222222222222223,0.6949152542372882,3,41
word,зрения,166,165,1,0.006024096385542169,0.01818181818181818,1.0,3,1
word,для зрения,156,155,1,0.00641025641025641,0.01935483870967742,1.0,3,1
word,casio,147,121,26,0.17687074829931973,0.024793388429752067,0.7307692307692307,3,19
word,брелок,143,130,13,0.09090909090909091,0.023076923076923078,0.9230769230769231,3,12
word,электрогитары,134,104,30,0.22388059701492538,0.028846153846153848,0.6333333333333333,3,19
word,ноутбука,133,115,18,0.13533834586466165,0.02608695652173913,1.0,3,18
word,очки для зрения,131,131,0,0.0,0.022900763358778626,,3,0
word,mm,124,105,19,0.1532258064516129,0.02857142857142857,0.8947368421052632,3,17
word,черные,123,107,16,0.13008130081300814,0.028037383177570093,0.75,3,12
word,мебельный,121,118,3,0.024793388429752067,0.025423728813559324,0.3333333333333333,3,1
word,125,114,93,21,0.18421052631578946,0.03225806451612903,0.6666666666666666,3,14
word,5 мм,107,79,28,0.2616822429906542,0.0379746835443038,0.6785714285714286,3,19
word,наручные часы,107,100,7,0.06542056074766354,0.03,0.2857142857142857,3,2
word,электрогитара,106,92,14,0.1320754716981132,0.03260869565217391,0.7142857142857143,3,10
word,рц,1286,1279,7,0.005443234836702955,0.001563721657544957,0.5714285714285714,2,4
word,линзами,1271,1264,7,0.0055074744295830055,0.0015822784810126582,0.5714285714285714,2,4
word,мод,1267,1259,8,0.006314127861089187,0.0015885623510722795,0.625,2,5
word,с линзами,1176,1170,6,0.00510204081632653,0.0017094017094017094,0.5,2,3
word,угловой,379,349,30,0.079155672823219,0.0057306590257879654,0.9666666666666667,2,29
word,1 с,292,287,5,0.017123287671232876,0.006968641114982578,0.6,2,3
word,стол,286,253,33,0.11538461538461539,0.007905138339920948,0.8181818181818182,2,27
word,струны для,271,208,63,0.23247232472324722,0.009615384615384616,0.5873015873015873,2,37
word,солнцезащитные,251,245,6,0.02390438247011952,0.00816326530612245,0.8333333333333334,2,5
word,картридж,194,157,37,0.19072164948453607,0.012738853503184714,0.9459459459459459,2,35
word,ремень,187,152,35,0.18716577540106952,0.013157894736842105,0.7428571428571429,2,26
word,cr,178,167,11,0.06179775280898876,0.011976047904191617,0.7272727272727273,2,8
word,купе,162,155,7,0.043209876543209874,0.012903225806451613,0.8571428571428571,2,6
word,лак,159,136,23,0.14465408805031446,0.014705882352941176,0.7391304347826086,2,17
word,подвеска,151,124,27,0.17880794701986755,0.016129032258064516,0.8888888888888888,2,24
word,ball,144,111,33,0.22916666666666666,0.018018018018018018,0.45454545454545453,2,15
word,ernie ball,143,110,33,0.23076923076923078,0.01818181818181818,0.45454545454545453,2,15
word,ernie,143,110,33,0.23076923076923078,0.01818181818181818,0.45454545454545453,2,15
word,блесна,139,130,9,0.06474820143884892,0.015384615384615385,0.8888888888888888,2,8
word,смеситель,134,102,32,0.23880597014925373,0.0196078431372549,0.78125,2,25
word,мм цвет,124,117,7,0.056451612903225805,0.017094017094017096,0.2857142857142857,2,2
word,чехол на,121,120,1,0.008264462809917356,0.016666666666666666,1.0,2,1
word,d addario,118,95,23,0.19491525423728814,0.021052631578947368,0.782608695652174,2,18
word,addario,118,95,23,0.19491525423728814,0.021052631578947368,0.782608695652174,2,18
word,38,117,78,39,0.3333333333333333,0.02564102564102564,0.5897435897435898,2,23
word,1 мм,116,104,12,0.10344827586206896,0.019230769230769232,0.3333333333333333,2,4
word,для кухни,115,80,35,0.30434782608695654,0.025,0.34285714285714286,2,12
word,растворимый,111,73,38,0.34234234234234234,0.0273972602739726,0.8157894736842105,2,31
word,для ноутбука,110,93,17,0.15454545454545454,0.021505376344086023,1.0,2,17
word,2 с,109,108,1,0.009174311926605505,0.018518518518518517,0.0,2,0
word,для электрогитары,107,81,26,0.24299065420560748,0.024691358024691357,0.6153846153846154,2,16
word,core,104,97,7,0.0673076923076923,0.020618556701030927,0.5714285714285714,2,4
word,30 шт,102,83,19,0.18627450980392157,0.024096385542168676,0.5789473684210527,2,11
word,1 56,856,850,6,0.007009345794392523,0.001176470588235294,0.5,1,3
word,серьги,678,612,66,0.09734513274336283,0.0016339869281045752,0.9848484848484849,1,65
word,диван,668,582,86,0.12874251497005987,0.001718213058419244,0.9767441860465116,1,84
word,hmc,557,552,5,0.008976660682226212,0.0018115942028985507,0.4,1,2
word,линзы,550,529,21,0.038181818181818185,0.001890359168241966,1.0,1,21
word,диванов,370,313,57,0.15405405405405406,0.003194888178913738,1.0,1,57
word,угловой диван,352,325,27,0.07670454545454546,0.003076923076923077,1.0,1,27
word,1 56 hmc,308,303,5,0.016233766233766232,0.0033003300330033004,0.4,1,2
word,56 hmc,308,303,5,0.016233766233766232,0.0033003300330033004,0.4,1,2
word,серебро,303,274,29,0.09570957095709572,0.0036496350364963502,0.7241379310344828,1,21
word,glance,267,265,2,0.00749063670411985,0.0037735849056603774,0.0,1,0
word,линзами glance,262,260,2,0.007633587786259542,0.0038461538461538464,0.0,1,0
word,руль,239,196,43,0.1799163179916318,0.00510204081632653,0.9069767441860465,1,39
word,магните,234,233,1,0.004273504273504274,0.004291845493562232,0.0,1,0
word,на магните,234,233,1,0.004273504273504274,0.004291845493562232,0.0,1,0
word,фотохромные,224,224,0,0.0,0.004464285714285714,,1,0
word,фотохромные очки,220,220,0,0.0,0.004545454545454545,,1,0
word,с линзами glance,209,207,2,0.009569377990430622,0.004830917874396135,0.0,1,0
word,кресло,194,130,64,0.32989690721649484,0.007692307692307693,0.921875,1,59
word,8 6,178,172,6,0.033707865168539325,0.005813953488372093,1.0,1,6
word,new,176,156,20,0.11363636363636363,0.00641025641025641,0.7,1,14
word,39,171,157,14,0.08187134502923976,0.006369426751592357,0.5714285714285714,1,8
word,кухонный,169,151,18,0.10650887573964497,0.006622516556291391,0.6111111111111112,1,11
word,колодки,166,132,34,0.20481927710843373,0.007575757575757576,0.7058823529411765,1,24
word,тумба,165,138,27,0.16363636363636364,0.007246376811594203,0.8888888888888888,1,24
word,day,163,153,10,0.06134969325153374,0.006535947712418301,1.0,1,10
word,костюм,156,123,33,0.21153846153846154,0.008130081300813009,0.9696969696969697,1,32
word,лдсп,154,148,6,0.03896103896103896,0.006756756756756757,0.6666666666666666,1,4
word,block,152,150,2,0.013157894736842105,0.006666666666666667,1.0,1,2
word,диск,152,131,21,0.13815789473684212,0.007633587786259542,0.9523809523809523,1,20
word,25 рц,151,149,2,0.013245033112582781,0.006711409395973154,0.0,1,0
word,blue block,151,150,1,0.006622516556291391,0.006666666666666667,1.0,1,1
word,75 рц,150,149,1,0.006666666666666667,0.006711409395973154,1.0,1,1
word,iphone,146,139,7,0.04794520547945205,0.007194244604316547,1.0,1,7
word,тормозные,140,112,28,0.2,0.008928571428571428,0.6785714285714286,1,19
word,62 64,131,129,2,0.015267175572519083,0.007751937984496124,0.0,1,0
word,рц 62 64,129,127,2,0.015503875968992248,0.007874015748031496,0.0,1,0
word,рц 62,129,127,2,0.015503875968992248,0.007874015748031496,0.0,1,0
word,ecoplus 1,128,127,1,0.0078125,0.007874015748031496,1.0,1,1
word,ecoplus,128,127,1,0.0078125,0.007874015748031496,1.0,1,1
word,линзами ecoplus 1,128,127,1,0.0078125,0.007874015748031496,1.0,1,1
word,линзами ecoplus,128,127,1,0.0078125,0.007874015748031496,1.0,1,1
word,с линзами ecoplus,128,127,1,0.0078125,0.007874015748031496,1.0,1,1
word,max,127,119,8,0.06299212598425197,0.008403361344537815,0.375,1,3
word,brown,125,123,2,0.016,0.008130081300813009,0.5,1,1
word,180,119,81,38,0.31932773109243695,0.012345679012345678,0.5789473684210527,1,22
word,3 с,119,115,4,0.03361344537815126,0.008695652173913044,0.75,1,3
word,line,116,99,17,0.14655172413793102,0.010101010101010102,0.7058823529411765,1,12
word,16 мм,113,111,2,0.017699115044247787,0.009009009009009009,0.0,1,0
word,fast,110,109,1,0.00909090909090909,0.009174311926605505,0.0,1,0
word,системный,106,105,1,0.009433962264150943,0.009523809523809525,1.0,1,1
word,цвет 3,105,104,1,0.009523809523809525,0.009615384615384616,1.0,1,1
word,кромкой,104,102,2,0.019230769230769232,0.00980392156862745,0.5,1,1
word,массива,104,102,2,0.019230769230769232,0.00980392156862745,0.5,1,1
word,щит,103,99,4,0.038834951456310676,0.010101010101010102,0.25,1,1
word,из массива,103,101,2,0.019417475728155338,0.009900990099009901,0.5,1,1
word,ecoplus 1 56,101,100,1,0.009900990099009901,0.01,1.0,1,1
word,наполнение,100,95,5,0.05,0.010526315789473684,1.0,1,5
word,кроссовки,956,869,87,0.09100418410041841,0.0,0.9885057471264368,0,86
word,585,946,868,78,0.0824524312896406,0.0,1.0,0,78
word,с футляром,765,758,7,0.009150326797385621,0.0,0.42857142857142855,0,3
word,футляром,765,758,7,0.009150326797385621,0.0,0.42857142857142855,0,3
word,очки с,597,589,8,0.01340033500837521,0.0,0.625,0,5
word,очки с футляром,576,571,5,0.008680555555555556,0.0,0.4,0,2
word,sokolov,488,436,52,0.10655737704918032,0.0,1.0,0,52
word,925,480,428,52,0.10833333333333334,0.0,1.0,0,52
word,футболка,464,439,25,0.05387931034482758,0.0,1.0,0,25
word,romeo,456,454,2,0.0043859649122807015,0.0,0.5,0,1
word,линзами romeo,454,452,2,0.004405286343612335,0.0,0.5,0,1
word,с линзами romeo,451,449,2,0.004434589800443459,0.0,0.5,0,1
word,линзами romeo 1,451,449,2,0.004434589800443459,0.0,0.5,0,1
word,romeo 1,451,449,2,0.004434589800443459,0.0,0.5,0,1
word,лига,385,327,58,0.15064935064935064,0.0,0.9827586206896551,0,57
word,змейка,380,370,10,0.02631578947368421,0.0,0.2,0,2
word,romeo 1 56,377,375,2,0.005305039787798408,0.0,0.5,0,1
word,с футляром змейка,374,370,4,0.0106951871657754,0.0,0.5,0,2
word,футляром змейка,374,370,4,0.0106951871657754,0.0,0.5,0,2
word,лига диванов,368,312,56,0.15217391304347827,0.0,1.0,0,56
word,00,367,346,21,0.05722070844686648,0.0,0.8095238095238095,0,17
word,ботинки,340,301,39,0.11470588235294117,0.0,1.0,0,39
word,браслет,321,275,46,0.14330218068535824,0.0,0.8260869565217391,0,38
word,цвет 1,308,305,3,0.00974025974025974,0.0,0.6666666666666666,0,2
word,ssd,302,295,7,0.023178807947019868,0.0,1.0,0,7
word,цвет 1 с,280,277,3,0.010714285714285714,0.0,0.6666666666666666,0,2
word,acuvue,269,257,12,0.04460966542750929,0.0,1.0,0,12
word,золота,260,227,33,0.12692307692307692,0.0,0.9696969696969697,0,32
word,emi,254,251,3,0.011811023622047244,0.0,0.0,0,0
word,1 с линзами,250,247,3,0.012,0.0,0.6666666666666666,0,2
word,оплетка,238,199,39,0.1638655462184874,0.0,1.0,0,39
word,бюстгальтер,229,176,53,0.2314410480349345,0.0,1.0,0,53
word,на руль,228,190,38,0.16666666666666666,0.0,1.0,0,38
word,с футляром на,225,224,1,0.0044444444444444444,0.0,0.0,0,0
word,футляром на магните,225,224,1,0.0044444444444444444,0.0,0.0,0,0
word,футляром на,225,224,1,0.0044444444444444444,0.0,0.0,0,0
word,00 рц,220,216,4,0.01818181818181818,0.0,0.75,0,3
word,контактные,211,203,8,0.037914691943127965,0.0,1.0,0,8
word,nikita,210,210,0,0.0,0.0,,0,0
word,с линзами nikita,209,209,0,0.0,0.0,,0,0
word,линзами nikita 1,209,209,0,0.0,0.0,,0,0
word,nikita 1 56,209,209,0,0.0,0.0,,0,0
word,линзами nikita,209,209,0,0.0,0.0,,0,0
word,nikita 1,209,209,0,0.0,0.0,,0,0
word,туфли,200,191,9,0.045,0.0,1.0,0,9
word,контактные линзы,192,184,8,0.041666666666666664,0.0,1.0,0,8
word,nike,186,158,28,0.15053763440860216,0.0,0.9642857142857143,0,27
word,hmc emi,184,181,3,0.016304347826086956,0.0,0.0,0,0
word,кольцо из,180,157,23,0.12777777777777777,0.0,1.0,0,23
word,10 pro,178,176,2,0.011235955056179775,0.0,1.0,0,2
word,проба,175,145,30,0.17142857142857143,0.0,1.0,0,30
word,56 hmc emi,174,171,3,0.017241379310344827,0.0,0.0,0,0
word,astigmatism,170,164,6,0.03529411764705882,0.0,1.0,0,6
word,серебра,169,143,26,0.15384615384615385,0.0,1.0,0,26
word,50 рц,166,166,0,0.0,0.0,,0,0
word,dacchi,165,165,0,0.0,0.0,,0,0
word,трусы,163,135,28,0.17177914110429449,0.0,0.9642857142857143,0,27
word,sokolov кольцо,162,147,15,0.09259259259259259,0.0,1.0,0,15
word,tendance,162,151,11,0.06790123456790123,0.0,1.0,0,11
word,готовые,161,155,6,0.037267080745341616,0.0,0.8333333333333334,0,5
word,oasys,160,152,8,0.05,0.0,1.0,0,8
word,for,158,146,12,0.0759493670886076,0.0,0.9166666666666666,0,11
word,gray,157,156,1,0.006369426751592357,0.0,0.0,0,0
word,велюр,156,134,22,0.14102564102564102,0.0,0.9545454545454546,0,21
word,бас,153,128,25,0.16339869281045752,0.0,0.64,0,16
word,шкаф купе,153,149,4,0.026143790849673203,0.0,1.0,0,4
word,компьютерные,152,151,1,0.006578947368421052,0.0,1.0,0,1
word,66,151,144,7,0.046357615894039736,0.0,0.42857142857142855,0,3
word,1 56 blue,150,149,1,0.006666666666666667,0.0,1.0,0,1
word,56 blue,150,149,1,0.006666666666666667,0.0,1.0,0,1
word,56 blue block,150,149,1,0.006666666666666667,0.0,1.0,0,1
word,юкомс,150,150,0,0.0,0.0,,0,0
word,дуб,149,128,21,0.14093959731543623,0.0,0.8571428571428571,0,18
word,1 day,147,138,9,0.061224489795918366,0.0,1.0,0,9
word,компьютерные очки,146,145,1,0.00684931506849315,0.0,1.0,0,1
word,серебро 925,146,137,9,0.06164383561643835,0.0,1.0,0,9
word,готовые очки,144,138,6,0.041666666666666664,0.0,0.8333333333333334,0,5
word,nikitana,142,141,1,0.007042253521126761,0.0,0.0,0,0
word,пробы,142,131,11,0.07746478873239436,0.0,1.0,0,11
word,из серебра,141,122,19,0.1347517730496454,0.0,1.0,0,19
word,диванов угловой,140,129,11,0.07857142857142857,0.0,1.0,0,11
word,лига диванов угловой,139,129,10,0.07194244604316546,0.0,1.0,0,10
word,диванов угловой диван,137,127,10,0.072992700729927,0.0,1.0,0,10
word,cr 39,137,137,0,0.0,0.0,,0,0
word,кеды,136,113,23,0.16911764705882354,0.0,0.782608695652174,0,18
word,гб,132,115,17,0.12878787878787878,0.0,0.9411764705882353,0,16
word,брюки,132,121,11,0.08333333333333333,0.0,1.0,0,11
word,adidas,129,106,23,0.17829457364341086,0.0,1.0,0,23
word,for astigmatism,129,123,6,0.046511627906976744,0.0,1.0,0,6
word,rtx,126,125,1,0.007936507936507936,0.0,1.0,0,1
word,8 5,126,116,10,0.07936507936507936,0.0,0.4,0,4
word,куртка,123,114,9,0.07317073170731707,0.0,0.8888888888888888,0,8
word,ванной,123,98,25,0.2032520325203252,0.0,0.52,0,13
word,фотохромные очки с,120,120,0,0.0,0.0,,0,0
word,diamant,120,97,23,0.19166666666666668,0.0,1.0,0,23
word,прямой,120,84,36,0.3,0.0,0.9444444444444444,0,34
word,смартфон,119,84,35,0.29411764705882354,0.0,0.9428571428571428,0,33
word,оплетка на,119,91,28,0.23529411764705882,0.0,1.0,0,28
word,для ванной,118,97,21,0.17796610169491525,0.0,0.5714285714285714,0,12
word,balance,117,104,13,0.1111111111111111,0.0,1.0,0,13
word,джинсы,117,104,13,0.1111111111111111,0.0,1.0,0,13
word,colophony gray,115,115,0,0.0,0.0,,0,0
word,1 56 colophony,115,115,0,0.0,0.0,,0,0
word,56 colophony,115,115,0,0.0,0.0,,0,0
word,colophony gray hmc,115,115,0,0.0,0.0,,0,0
word,gray hmc,115,115,0,0.0,0.0,,0,0
word,56 colophony gray,115,115,0,0.0,0.0,,0,0
word,colophony,115,115,0,0.0,0.0,,0,0
word,toric,114,112,2,0.017543859649122806,0.0,1.0,0,2
word,new balance,113,101,12,0.10619469026548672,0.0,1.0,0,12
word,цвет 2,111,110,1,0.009009009009009009,0.0,0.0,0,0
word,с футляром мод,111,110,1,0.009009009009009009,0.0,1.0,0,1
word,футляром мод,111,110,1,0.009009009009009009,0.0,1.0,0,1
word,столешница,111,107,4,0.036036036036036036,0.0,0.75,0,3
word,обручальное,110,88,22,0.2,0.0,1.0,0,22
word,dacchi мод,109,109,0,0.0,0.0,,0,0
word,очки dacchi,107,107,0,0.0,0.0,,0,0
word,бас гитары,107,94,13,0.12149532710280374,0.0,0.6923076923076923,0,9
word,тюль,107,105,2,0.018691588785046728,0.0,0.5,0,1
word,nikitana мод,107,106,1,0.009345794392523364,0.0,0.0,0,0
word,раковина,106,88,18,0.16981132075471697,0.0,0.8888888888888888,0,16
word,photocolor,105,105,0,0.0,0.0,,0,0
word,56 fast,105,105,0,0.0,0.0,,0,0
word,fast photocolor,105,105,0,0.0,0.0,,0,0
word,56 fast photocolor,105,105,0,0.0,0.0,,0,0
word,1 56 fast,105,105,0,0.0,0.0,,0,0
word,системный блок,103,102,1,0.009708737864077669,0.0,1.0,0,1
word,рц 60,102,101,1,0.00980392156862745,0.0,0.0,0,0
word,60 62,102,101,1,0.00980392156862745,0.0,0.0,0,0
word,рц 60 62,102,101,1,0.00980392156862745,0.0,0.0,0,0
word,цвет 2 с,101,100,1,0.009900990099009901,0.0,0.0,0,0
word,обложка,100,81,19,0.19,0.0,0.7368421052631579,0,14
