target_prevalence,negative_weight,category,pairs,positive_examples,unweighted_prevalence,weighted_prevalence,average_precision,roc_auc
0.25740157049938966,1.0,Автотовары,2859,512,0.17908359566281917,0.17908359566281917,0.4514389835433673,0.7074926934650617
0.25740157049938966,1.0,Аптека,2692,210,0.07800891530460624,0.07800891530460624,0.4832314538540944,0.8962645332105446
0.25740157049938966,1.0,Бытовая техника,2682,969,0.36129753914988816,0.36129753914988816,0.6208248643841893,0.7362697805948201
0.25740157049938966,1.0,Бытовая химия,2571,1226,0.4768572539867756,0.4768572539867756,0.6732363500320084,0.682611266426921
0.25740157049938966,1.0,Галантерея и аксессуары,2649,444,0.16761041902604756,0.16761041902604756,0.3528738798915285,0.7165757594329023
0.25740157049938966,1.0,Детские товары,2683,1528,0.569511740588893,0.569511740588893,0.7539189939711548,0.6977298225334876
0.25740157049938966,1.0,Дом и сад,2632,656,0.24924012158054712,0.24924012158054712,0.5272441274983274,0.7383923391675719
0.25740157049938966,1.0,Канцелярские товары,2570,857,0.33346303501945523,0.33346303501945523,0.5245585680190383,0.6828767043972204
0.25740157049938966,1.0,Красота и гигиена,2635,943,0.3578747628083491,0.3578747628083491,0.5888408805107568,0.7190778637666118
0.25740157049938966,1.0,Мебель,2806,401,0.1429080541696365,0.1429080541696365,0.34395211574623097,0.7114142917135436
0.25740157049938966,1.0,Музыкальные инструменты,2709,592,0.21853082318198597,0.21853082318198597,0.6503033487347004,0.8379048628221987
0.25740157049938966,1.0,Обувь,2797,281,0.10046478369681802,0.10046478369681802,0.25079830131538844,0.7318697701259979
0.25740157049938966,1.0,Одежда,3531,415,0.11753044463324837,0.11753044463324837,0.22775994414366216,0.7182660036809627
0.25740157049938966,1.0,Продукты питания,2685,754,0.2808193668528864,0.2808193668528864,0.5692030966943097,0.7245984474997493
0.25740157049938966,1.0,Спорт и отдых,2651,709,0.26744624669935874,0.26744624669935874,0.4987686546312058,0.7180621667279162
0.25740157049938966,1.0,Строительство и ремонт,2724,612,0.22466960352422907,0.22466960352422907,0.514966940444542,0.7667007854278074
0.25740157049938966,1.0,Товары для животных,2734,979,0.3580833942940746,0.3580833942940746,0.6116233117473011,0.7135131202546932
0.25740157049938966,1.0,Хобби и творчество,2680,1236,0.46119402985074626,0.46119402985074626,0.7416916723994953,0.7757479336435109
0.25740157049938966,1.0,Электроника,2748,471,0.17139737991266377,0.17139737991266377,0.42365811664340197,0.7739193839996942
0.25740157049938966,1.0,Ювелирные изделия,2849,333,0.11688311688311688,0.11688311688311688,0.22186224340044375,0.6648405161918676
0.262,0.9763650757412451,Автотовары,2859,512,0.17908359566281917,0.1826269785479933,0.4559517005017051,0.7074926934650714
0.262,0.9763650757412451,Аптека,2692,210,0.07800891530460624,0.07974669054663941,0.4881648461407342,0.8962645332105499
0.262,0.9763650757412451,Бытовая техника,2682,969,0.36129753914988816,0.3668351670161934,0.6258611114131336,0.7362697805948284
0.262,0.9763650757412451,Бытовая химия,2571,1226,0.4768572539867756,0.4828271408029823,0.6780882992734074,0.6826112664269266
0.262,0.9763650757412451,Галантерея и аксессуары,2649,444,0.16761041902604756,0.17097407138405346,0.35788339833053917,0.7165757594329136
0.262,0.9763650757412451,Детские товары,2683,1528,0.569511740588893,0.5753658332888332,0.7580827452335623,0.6977298225334889
0.262,0.9763650757412451,Дом и сад,2632,656,0.24924012158054712,0.25374256850391974,0.5323208821615534,0.7383923391675818
0.262,0.9763650757412451,Канцелярские товары,2570,857,0.33346303501945523,0.3388003434006266,0.5300541650280516,0.6828767043972308
0.262,0.9763650757412451,Красота и гигиена,2635,943,0.3578747628083491,0.3633897773240893,0.5941241654837436,0.7190778637666211
0.262,0.9763650757412451,Мебель,2806,401,0.1429080541696365,0.14586284198869556,0.3483930089592301,0.7114142917135549
0.262,0.9763650757412451,Музыкальные инструменты,2709,592,0.21853082318198597,0.22264303214979214,0.6545467273179326,0.8379048628222058
0.262,0.9763650757412451,Обувь,2797,281,0.10046478369681802,0.10264710704562591,0.2549861254110697,0.7318697701260091
0.262,0.9763650757412451,Одежда,3531,415,0.11753044463324837,0.12003400603272092,0.23193211666452826,0.7182660036809739
0.262,0.9763650757412451,Продукты питания,2685,754,0.2808193668528864,0.2856752111848671,0.5739793965410893,0.7245984474997588
0.262,0.9763650757412451,Спорт и отдых,2651,709,0.26744624669935874,0.27215835633063157,0.5041230010519384,0.7180621667279267
0.262,0.9763650757412451,Строительство и ремонт,2724,612,0.22466960352422907,0.22886349857254007,0.520078093468066,0.7667007854278167
0.262,0.9763650757412451,Товары для животных,2734,979,0.3580833942940746,0.363599803380583,0.6165839454473984,0.7135131202547024
0.262,0.9763650757412451,Хобби и творчество,2680,1236,0.46119402985074626,0.467142926045841,0.7458999388948947,0.775747933643516
0.262,0.9763650757412451,Электроника,2748,471,0.17139737991266377,0.1748210687594919,0.42903027238919467,0.7739193839997035
0.262,0.9763650757412451,Ювелирные изделия,2849,333,0.11688311688311688,0.1193747545876611,0.22579941135272527,0.66484051619188
0.2,1.3864913270688684,Автотовары,2859,512,0.17908359566281917,0.13594983141357023,0.391648976626809,0.7074926934650725
0.2,1.3864913270688684,Аптека,2692,210,0.07800891530460624,0.05751421155828566,0.41691301353182175,0.8962645332105494
0.2,1.3864913270688684,Бытовая техника,2682,969,0.36129753914988816,0.289767559005843,0.5505467698782948,0.7362697805948224
0.2,1.3864913270688684,Бытовая химия,2571,1226,0.4768572539867756,0.3966571014348768,0.6041113087346834,0.6826112664269175
0.2,1.3864913270688684,Галантерея и аксессуары,2649,444,0.16761041902604756,0.12681317940226686,0.2880513797361899,0.7165757594329132
0.2,1.3864913270688684,Детские товары,2683,1528,0.569511740588893,0.48827290506099236,0.6927614607773835,0.6977298225334838
0.2,1.3864913270688684,Дом и сад,2632,656,0.24924012158054712,0.19318510890482943,0.458259650973171,0.7383923391675791
0.2,1.3864913270688684,Канцелярские товары,2570,857,0.33346303501945523,0.26515599790516636,0.4499323535012165,0.6828767043972241
0.2,1.3864913270688684,Красота и гигиена,2635,943,0.3578747628083491,0.28671822731550484,0.5157304036855536,0.7190778637666141
0.2,1.3864913270688684,Мебель,2806,401,0.1429080541696365,0.1073480793191092,0.2870688843161348,0.7114142917135563
0.2,1.3864913270688684,Музыкальные инструменты,2709,592,0.21853082318198597,0.16783841033275695,0.5912553837764976,0.8379048628222039
0.2,1.3864913270688684,Обувь,2797,281,0.10046478369681802,0.07454743250752936,0.19812358719989084,0.7318697701260107
0.2,1.3864913270688684,Одежда,3531,415,0.11753044463324837,0.08763951358975047,0.176032573283957,0.7182660036809771
0.2,1.3864913270688684,Продукты питания,2685,754,0.2808193668528864,0.21974084407012487,0.504100124219229,0.7245984474997564
0.2,1.3864913270688684,Спорт и отдых,2651,709,0.26744624669935874,0.20843340015774886,0.42669130157865565,0.7180621667279232
0.2,1.3864913270688684,Строительство и ремонт,2724,612,0.22466960352422907,0.17286818656177919,0.4461745686098503,0.766700785427815
0.2,1.3864913270688684,Товары для животных,2734,979,0.3580833942940746,0.28690391090566886,0.5427910874309122,0.7135131202546974
0.2,1.3864913270688684,Хобби и творчество,2680,1236,0.46119402985074626,0.38170609003453,0.6803106087494802,0.7757479336435077
0.2,1.3864913270688684,Электроника,2748,471,0.17139737991266377,0.12982213603159035,0.35244189883740795,0.773919383999703
0.2,1.3864913270688684,Ювелирные изделия,2849,333,0.11688311688311688,0.08714056071684871,0.1729556657682529,0.6648405161918826
0.15,1.964196046680897,Автотовары,2859,512,0.17908359566281917,0.0999615748963415,0.3325674031073408,0.7074926934650642
0.15,1.964196046680897,Аптека,2692,210,0.07800891530460624,0.041296842074005594,0.3501614966687741,0.8962645332105458
0.15,1.964196046680897,Бытовая техника,2682,969,0.36129753914988816,0.22359812483716862,0.47484016139846574,0.7362697805948281
0.15,1.964196046680897,Бытовая химия,2571,1226,0.4768572539867756,0.31697247886630625,0.5267556991270197,0.6826112664269264
0.15,1.964196046680897,Галантерея и аксессуары,2649,444,0.16761041902604756,0.09298327509147834,0.22745329838811174,0.7165757594329097
0.15,1.964196046680897,Детские товары,2683,1528,0.569511740588893,0.4024604414964681,0.6200819472611407,0.6977298225334885
0.15,1.964196046680897,Дом и сад,2632,656,0.24924012158054712,0.14458092441165188,0.387167822971617,0.7383923391675815
0.15,1.964196046680897,Канцелярские товары,2570,857,0.33346303501945523,0.20300033894737574,0.3737799618107909,0.6828767043972304
0.15,1.964196046680897,Красота и гигиена,2635,943,0.3578747628083491,0.22102841817747246,0.43840465398004147,0.7190778637666206
0.15,1.964196046680897,Мебель,2806,401,0.1429080541696365,0.0782455590728173,0.23474568515874078,0.7114142917135456
0.15,1.964196046680897,Музыкальные инструменты,2709,592,0.21853082318198597,0.12462625200619591,0.5274210180389468,0.8379048628222049
0.15,1.964196046680897,Обувь,2797,281,0.10046478369681802,0.05380135015817679,0.15135749868273626,0.7318697701259984
0.15,1.964196046680897,Одежда,3531,415,0.11753044463324837,0.06349998240781762,0.1314670546398823,0.7182660036809548
0.15,1.964196046680897,Продукты питания,2685,754,0.2808193668528864,0.16582863216821703,0.43666843104429454,0.7245984474997584
0.15,1.964196046680897,Спорт и отдых,2651,709,0.26744624669935874,0.15673812365479775,0.35419532488597943,0.7180621667279262
0.15,1.964196046680897,Строительство и ремонт,2724,612,0.22466960352422907,0.12856110990590386,0.37695246283731954,0.7667007854278157
0.15,1.964196046680897,Товары для животных,2734,979,0.3580833942940746,0.22118475192133416,0.4693786172956173,0.713513120254702
0.15,1.964196046680897,Хобби и творчество,2680,1236,0.46119402985074626,0.303514052444731,0.6082520074127009,0.7757479336435157
0.15,1.964196046680897,Электроника,2748,471,0.17139737991266377,0.09527711929947387,0.2828547376540983,0.7739193839996987
0.15,1.964196046680897,Ювелирные изделия,2849,333,0.11688311688311688,0.0631289523607711,0.13059069334152468,0.6648405161918671
0.1,3.1196054859049536,Автотовары,2859,512,0.17908359566281917,0.06535852535218034,0.26290246196660727,0.7074926934650547
0.1,3.1196054859049536,Аптека,2692,210,0.07800891530460624,0.026405592258962395,0.2711811823359139,0.8962645332105412
0.1,3.1196054859049536,Бытовая техника,2682,969,0.36129753914988816,0.15349560829992215,0.3783911911304425,0.7362697805948188
0.1,3.1196054859049536,Бытовая химия,2571,1226,0.4768572539867756,0.22612127190892378,0.42422246092663723,0.6826112664269267
0.1,3.1196054859049536,Галантерея и аксессуары,2649,444,0.16761041902604756,0.06063312373305154,0.1617365854605212,0.7165757594328952
0.1,3.1196054859049536,Детские товары,2683,1528,0.569511740588893,0.29778932337061825,0.5163533404163048,0.6977298225334936
0.1,3.1196054859049536,Дом и сад,2632,656,0.24924012158054712,0.09618288203598041,0.30020112662134013,0.7383923391675669
0.1,3.1196054859049536,Канцелярские товары,2570,857,0.33346303501945523,0.13820609653789848,0.2831334964706612,0.682876704397218
0.1,3.1196054859049536,Красота и гигиена,2635,943,0.3578747628083491,0.15157427122478545,0.34257775981465693,0.7190778637666106
0.1,3.1196054859049536,Мебель,2806,401,0.1429080541696365,0.05073604466814514,0.17864653156928434,0.7114142917135353
0.1,3.1196054859049536,Музыкальные инструменты,2709,592,0.21853082318198597,0.08226558517014236,0.44428377157146903,0.8379048628221956
0.1,3.1196054859049536,Обувь,2797,281,0.10046478369681802,0.034563654272277596,0.10329075279486366,0.7318697701259894
0.1,3.1196054859049536,Одежда,3531,415,0.11753044463324837,0.040944422292049386,0.08730679412860039,0.7182660036809534
0.1,3.1196054859049536,Продукты питания,2685,754,0.2808193668528864,0.11124294049899543,0.35372340731224755,0.7245984474997444
0.1,3.1196054859049536,Спорт и отдых,2651,709,0.26744624669935874,0.10476892399144731,0.26903149260319636,0.718062166727912
0.1,3.1196054859049536,Строительство и ремонт,2724,612,0.22466960352422907,0.08499283715509143,0.29538249822164453,0.7667007854278027
0.1,3.1196054859049536,Товары для животных,2734,979,0.3580833942940746,0.15169104617930568,0.3768754868918533,0.7135131202546905
0.1,3.1196054859049536,Хобби и творчество,2680,1236,0.46119402985074626,0.2153043666633656,0.5066501645927403,0.775747933643514
0.1,3.1196054859049536,Электроника,2748,471,0.17139737991266377,0.062183621915873184,0.2038769299896623,0.773919383999689
0.1,3.1196054859049536,Ювелирные изделия,2849,333,0.11688311688311688,0.04069945669485542,0.08826965356728211,0.6648405161918576
0.075,4.275014925129011,Автотовары,2859,512,0.17908359566281917,0.0485516988901872,0.22163982830590448,0.7074926934650656
0.075,4.275014925129011,Аптека,2692,210,0.07800891530460624,0.019407449812359433,0.2248834742865874,0.8962645332105461
0.075,4.275014925129011,Бытовая техника,2682,969,0.36129753914988816,0.11685820645808413,0.31808208193206366,0.7362697805948153
0.075,4.275014925129011,Бытовая химия,2571,1226,0.4768572539867756,0.17574805626262716,0.35823818911814476,0.6826112664269179
0.075,4.275014925129011,Галантерея и аксессуары,2649,444,0.16761041902604756,0.04498294336490824,0.12636532302830258,0.7165757594329025
0.075,4.275014925129011,Детские товары,2683,1528,0.569511740588893,0.2363260977998089,0.4448335008420785,0.6977298225334873
0.075,4.275014925129011,Дом и сад,2632,656,0.24924012158054712,0.07206075474880407,0.24748317296283784,0.7383923391675671
0.075,4.275014925129011,Канцелярские товары,2570,857,0.33346303501945523,0.10476643813939203,0.23021039555076983,0.682876704397214
0.075,4.275014925129011,Красота и гигиена,2635,943,0.3578747628083491,0.11533298526954906,0.2846431466782722,0.7190778637666061
0.075,4.275014925129011,Мебель,2806,401,0.1429080541696365,0.037538342602990625,0.1485317872037279,0.7114142917135484
0.075,4.275014925129011,Музыкальные инструменты,2709,592,0.21853082318198597,0.06139673466600521,0.3903110464765676,0.8379048628221977
0.075,4.275014925129011,Обувь,2797,281,0.10046478369681802,0.025459961034085758,0.07856809104326726,0.7318697701260035
0.075,4.275014925129011,Одежда,3531,415,0.11753044463324837,0.03021269774147085,0.06536300708858232,0.7182660036809744
0.075,4.275014925129011,Продукты питания,2685,754,0.2808193668528864,0.08369358370250073,0.3030745475109269,0.7245984474997437
0.075,4.275014925129011,Спорт и отдых,2651,709,0.26744624669935874,0.07868092169779488,0.21982346764204536,0.7180621667279107
0.075,4.275014925129011,Строительство и ремонт,2724,612,0.22466960352422907,0.0634800015550044,0.24785959518864376,0.7667007854278061
0.075,4.275014925129011,Товары для животных,2734,979,0.3580833942940746,0.11542563796287224,0.3196764908030838,0.7135131202546877
0.075,4.275014925129011,Хобби и творчество,2680,1236,0.46119402985074626,0.16682139594339981,0.43720255882917164,0.7757479336435082
0.075,4.275014925129011,Электроника,2748,471,0.17139737991266377,0.046152901005212556,0.159803555654091,0.7739193839996956
0.075,4.275014925129011,Ювелирные изделия,2849,333,0.11688311688311688,0.030029928336210498,0.06706927454830625,0.6648405161918749
0.066,4.90523825561486,Автотовары,2859,512,0.17908359566281917,0.042579399527609335,0.205230505932893,0.707492693465059
0.066,4.90523825561486,Аптека,2692,210,0.07800891530460624,0.01695626712596449,0.20664541286341467,0.8962645332105427
0.066,4.90523825561486,Бытовая техника,2682,969,0.36129753914988816,0.10339669196367164,0.2935020805112921,0.7362697805948161
0.066,4.90523825561486,Бытовая химия,2571,1226,0.4768572539867756,0.1567064455929254,0.3310444753678247,0.6826112664269169
0.066,4.90523825561486,Галантерея и аксессуары,2649,444,0.16761041902604756,0.03943144000744487,0.11312564993020428,0.7165757594328988
0.066,4.90523825561486,Детские товары,2683,1528,0.569511740588893,0.21241250295802983,0.4142180842006796,0.6977298225334833
0.066,4.90523825561486,Дом и сад,2632,656,0.24924012158054712,0.06338929336647137,0.22635246686721763,0.7383923391675685
0.066,4.90523825561486,Канцелярские товары,2570,857,0.33346303501945523,0.09255186309444699,0.20951242296978784,0.6828767043972164
0.066,4.90523825561486,Красота и гигиена,2635,943,0.3578747628083491,0.10202687113979078,0.2615790402433445,0.7190778637666077
0.066,4.90523825561486,Мебель,2806,401,0.1429080541696365,0.032873977553199325,0.1372262982602081,0.7114142917135404
0.066,4.90523825561486,Музыкальные инструменты,2709,592,0.21853082318198597,0.05393394668503385,0.36766648667050794,0.837904862822196
0.066,4.90523825561486,Обувь,2797,281,0.10046478369681802,0.02226169390242272,0.06952542783743539,0.7318697701259946
0.066,4.90523825561486,Одежда,3531,415,0.11753044463324837,0.026433588397789573,0.057483761938294686,0.7182660036809594
0.066,4.90523825561486,Продукты питания,2685,754,0.2808193668528864,0.07373351151169333,0.2826393982972105,0.7245984474997461
0.066,4.90523825561486,Спорт и отдых,2651,709,0.26744624669935874,0.069272290342913,0.2006916291018602,0.7180621667279127
0.066,4.90523825561486,Строительство и ремонт,2724,612,0.22466960352422907,0.055779040357612567,0.22921385669647865,0.7667007854278041
0.066,4.90523825561486,Товары для животных,2734,979,0.3580833942940746,0.10211006817251324,0.2965364044846911,0.7135131202546896
0.066,4.90523825561486,Хобби и творчество,2680,1236,0.46119402985074626,0.14857262026478835,0.40758070228408133,0.7757479336435071
0.066,4.90523825561486,Электроника,2748,471,0.17139737991266377,0.04046312665924075,0.14302452042786992,0.773919383999691
0.066,4.90523825561486,Ювелирные изделия,2849,333,0.11688311688311688,0.02627306107346943,0.059423982290056916,0.6648405161918642
0.05,6.585833803577124,Автотовары,2859,512,0.17908359566281917,0.03206221685806705,0.17332160656099785,0.7074926934650702
0.05,6.585833803577124,Аптека,2692,210,0.07800891530460624,0.012684192979482298,0.1714907129634146,0.8962645332105489
0.05,6.585833803577124,Бытовая техника,2682,969,0.36129753914988816,0.07909859724741726,0.24475421820829812,0.7362697805948242
0.05,6.585833803577124,Бытовая химия,2571,1226,0.4768572539867756,0.12157938403943824,0.27680472603318534,0.6826112664269199
0.05,6.585833803577124,Галантерея и аксессуары,2649,444,0.16761041902604756,0.029667714507557896,0.08882203505671893,0.7165757594329114
0.05,6.585833803577124,Детские товары,2683,1528,0.569511740588893,0.16727537454523642,0.35110704719425123,0.6977298225334834
0.05,6.585833803577124,Дом и сад,2632,656,0.24924012158054712,0.0479896731050476,0.18512342317532862,0.738392339167579
0.05,6.585833803577124,Канцелярские товары,2570,857,0.33346303501945523,0.07060161046060989,0.1700276608182323,0.6828767043972264
0.05,6.585833803577124,Красота и гигиена,2635,943,0.3578747628083491,0.07802267025541197,0.21695340017856876,0.7190778637666161
0.05,6.585833803577124,Мебель,2806,401,0.1429080541696365,0.024692224206109288,0.11634354469841773,0.7114142917135533
0.05,6.585833803577124,Музыкальные инструменты,2709,592,0.21853082318198597,0.04073148753144903,0.3212876657463429,0.8379048628222036
0.05,6.585833803577124,Обувь,2797,281,0.10046478369681802,0.016675609927024677,0.053232783421672425,0.7318697701260068
0.05,6.585833803577124,Одежда,3531,415,0.11753044463324837,0.01982188187632195,0.04350166226830324,0.7182660036809582
0.05,6.585833803577124,Продукты питания,2685,754,0.2808193668528864,0.05597106992104631,0.24241241325167381,0.7245984474997562
0.05,6.585833803577124,Спорт и отдых,2651,709,0.26744624669935874,0.05252361818621581,0.16441879929156455,0.7180621667279232
0.05,6.585833803577124,Строительство и ремонт,2724,612,0.22466960352422907,0.04214504218246914,0.1933986899229074,0.7667007854278143
0.05,6.585833803577124,Товары для животных,2734,979,0.3580833942940746,0.07808799541009315,0.25099984687825494,0.7135131202546988
0.05,6.585833803577124,Хобби и творчество,2680,1236,0.46119402985074626,0.11502014142058938,0.34664938758679703,0.7757479336435112
0.05,6.585833803577124,Электроника,2748,471,0.17139737991266377,0.03045204101545124,0.11183061263426854,0.7739193839997015
0.05,6.585833803577124,Ювелирные изделия,2849,333,0.11688311688311688,0.019700693982617916,0.04580962296409049,0.6648405161918779
0.03,11.207471560473353,Автотовары,2859,512,0.17908359566281917,0.0190931245035365,0.126535496300704,0.707492693465054
0.03,11.207471560473353,Аптека,2692,210,0.07800891530460624,0.0074927896849819615,0.12053005277875031,0.8962645332105411
0.03,11.207471560473353,Бытовая техника,2682,969,0.36129753914988816,0.04804784248191928,0.17086034998915664,0.7362697805948202
0.03,11.207471560473353,Бытовая химия,2571,1226,0.4768572539867756,0.07521449667322323,0.1945659425565592,0.6826112664269266
0.03,11.207471560473353,Галантерея и аксессуары,2649,444,0.16761041902604756,0.017649531728571272,0.05683623279086546,0.7165757594328951
0.03,11.207471560473353,Детские товары,2683,1528,0.569511740588893,0.10557860158829092,0.25013617974018143,0.697729822533492
0.03,11.207471560473353,Дом и сад,2632,656,0.24924012158054712,0.028769451861836604,0.12479552677766353,0.7383923391675676
0.03,11.207471560473353,Канцелярские товары,2570,857,0.33346303501945523,0.04273163596839349,0.11433199374735417,0.68287670439722
0.03,11.207471560473353,Красота и гигиена,2635,943,0.3578747628083491,0.04737255179455081,0.15269808021252654,0.7190778637666123
0.03,11.207471560473353,Мебель,2806,401,0.1429080541696365,0.014659128237031182,0.08830638834771283,0.7114142917135345
0.03,11.207471560473353,Музыкальные инструменты,2709,592,0.21853082318198597,0.024343889720801926,0.24571442466208654,0.8379048628221956
0.03,11.207471560473353,Обувь,2797,281,0.10046478369681802,0.009866920022883677,0.03241514344371936,0.7318697701259886
0.03,11.207471560473353,Одежда,3531,415,0.11753044463324837,0.011743904312498119,0.02606757244593358,0.7182660036809572
0.03,11.207471560473353,Продукты питания,2685,754,0.2808193668528864,0.03366728604484911,0.1820512992635407,0.7245984474997452
0.03,11.207471560473353,Спорт и отдых,2651,709,0.26744624669935874,0.031547692735359,0.114021328307338,0.7180621667279126
0.03,11.207471560473353,Строительство и ремонт,2724,612,0.22466960352422907,0.025203667941679813,0.14170903414505923,0.7667007854278027
0.03,11.207471560473353,Товары для животных,2734,979,0.3580833942940746,0.04741353456872649,0.18305001438885665,0.7135131202546919
0.03,11.207471560473353,Хобби и творчество,2680,1236,0.46119402985074626,0.07095460201334272,0.24923831329728197,0.7757479336435157
0.03,11.207471560473353,Электроника,2748,471,0.17139737991266377,0.01812206695806589,0.07002849145450135,0.7739193839996883
0.03,11.207471560473353,Ювелирные изделия,2849,333,0.11688311688311688,0.011671515829651036,0.02874130163334216,0.6648405161918564
